"file_1","sheet_1","source_row_1","publication_year_1","sample_1","lat_1","lon_1","age_Ma_1","formation_1","depth_m_1","file_2","sheet_2","source_row_2","publication_year_2","sample_2","lat_2","lon_2","age_Ma_2","formation_2","depth_m_2","status"
"paleosol_schaller_2011.xlsx","paleosol data",24,2011,"NPEX",40.31323,-75.84327,201.509102087177,"Passaic - Exeter Mb.",-13.587,"paleosol_schaller_2015.xlsx","paleosol data",4,2015,"NPEX",40.31323,-75.84327,201.54,"Passaic",15.27,"ambiguous: both retained; human review needed"
"paleosol_schaller_2011.xlsx","paleosol data",27,2011,"NPC87-377",40.8735,-74.2007,201.876745335412,"Passaic",-72.6387017951,"paleosol_schaller_2015.xlsx","paleosol data",7,2015,"NPC87-377",40.8735,-74.2007,201.906745335412,"Passaic",159.230720190065,"ambiguous: both retained; human review needed"
"paleosol_schaller_2011.xlsx","paleosol data",33,2011,"Npoo",40.29398,-75.83817,203.57182727306,"Passaic - OO Mb.",-391.009836785,"paleosol_schaller_2015.xlsx","paleosol data",14,2015,"Npoo",40.29398,-75.83817,204.089211746896,"Passaic",428.201957815925,"ambiguous: both retained; human review needed"
"paleosol_hu_2019.xlsx","paleosol data",4,2019,"Ss-01",29.5,107.5,252.3,"Upper Changhsing Formation",,"paleosol_hu_2019.xlsx","paleosol data",17,2019,"Ss-01",29.5,107.5,252.3,"Upper Changhsing Formation",,"record 1 retained; record 2 removed/merged"
"paleosol_hu_2019.xlsx","paleosol data",5,2019,"Ss-02",29.5,107.5,252.3,"Upper Changhsing Formation",,"paleosol_hu_2019.xlsx","paleosol data",18,2019,"Ss-02",29.5,107.5,252.3,"Upper Changhsing Formation",,"ambiguous: both retained; human review needed"
"paleosol_hu_2019.xlsx","paleosol data",6,2019,"Ss-03",29.5,107.5,252.3,"Upper Changhsing Formation",,"paleosol_hu_2019.xlsx","paleosol data",19,2019,"Ss-03",29.5,107.5,252.3,"Upper Changhsing Formation",,"ambiguous: both retained; human review needed"
"paleosol_hu_2019.xlsx","paleosol data",7,2019,"Ss-04",29.5,107.5,252.3,"Upper Changhsing Formation",,"paleosol_hu_2019.xlsx","paleosol data",20,2019,"Ss-04",29.5,107.5,252.3,"Upper Changhsing Formation",,"ambiguous: both retained; human review needed"
"paleosol_hu_2019.xlsx","paleosol data",8,2019,"Ss-05",29.5,107.5,252.3,"Upper Changhsing Formation",,"paleosol_hu_2019.xlsx","paleosol data",21,2019,"Ss-05",29.5,107.5,252.3,"Upper Changhsing Formation",,"ambiguous: both retained; human review needed"
"paleosol_hu_2019.xlsx","paleosol data",9,2019,"Ss-06",29.5,107.5,252.3,"Upper Changhsing Formation",,"paleosol_hu_2019.xlsx","paleosol data",22,2019,"Ss-06",29.5,107.5,252.3,"Upper Changhsing Formation",,"ambiguous: both retained; human review needed"
"paleosol_hu_2019.xlsx","paleosol data",10,2019,"Ss-07",29.5,107.5,252.3,"Upper Changhsing Formation",,"paleosol_hu_2019.xlsx","paleosol data",23,2019,"Ss-07",29.5,107.5,252.3,"Upper Changhsing Formation",,"ambiguous: both retained; human review needed"
"paleosol_hu_2019.xlsx","paleosol data",11,2019,"Ss-08",29.5,107.5,252.3,"Upper Changhsing Formation",,"paleosol_hu_2019.xlsx","paleosol data",24,2019,"Ss-08",29.5,107.5,252.3,"Upper Changhsing Formation",,"ambiguous: both retained; human review needed"
"paleosol_hu_2019.xlsx","paleosol data",12,2019,"Ss-09",29.5,107.5,252.3,"Lower Feixianguan Formation",,"paleosol_hu_2019.xlsx","paleosol data",25,2019,"Ss-09",29.5,107.5,252.3,"Lower Feixianguan Formation",,"ambiguous: both retained; human review needed"
"paleosol_hu_2019.xlsx","paleosol data",13,2019,"Ss-10",29.5,107.5,252.3,"Lower Feixianguan Formation",,"paleosol_hu_2019.xlsx","paleosol data",26,2019,"Ss-10",29.5,107.5,252.3,"Lower Feixianguan Formation",,"ambiguous: both retained; human review needed"
"paleosol_hu_2019.xlsx","paleosol data",14,2019,"Ss-11",29.5,107.5,252.3,"Lower Feixianguan Formation",,"paleosol_hu_2019.xlsx","paleosol data",27,2019,"Ss-11",29.5,107.5,252.3,"Lower Feixianguan Formation",,"ambiguous: both retained; human review needed"
"paleosol_hu_2019.xlsx","paleosol data",15,2019,"Ss-12",29.5,107.5,252.3,"Lower Feixianguan Formation",,"paleosol_hu_2019.xlsx","paleosol data",28,2019,"Ss-12",29.5,107.5,252.3,"Lower Feixianguan Formation",,"ambiguous: both retained; human review needed"
"paleosol_hu_2019.xlsx","paleosol data",16,2019,"Ss-13",29.5,107.5,252.3,"Lower Feixianguan Formation",,"paleosol_hu_2019.xlsx","paleosol data",29,2019,"Ss-13",29.5,107.5,252.3,"Lower Feixianguan Formation",,"ambiguous: both retained; human review needed"
"paleosol_hu_2019.xlsx","paleosol data",4,2019,"Ss-01",29.5,107.5,252.3,"Upper Changhsing Formation",,"paleosol_hu_2019.xlsx","paleosol data",30,2019,"Ss-01",29.5,107.5,252.3,"Upper Changhsing Formation",,"record 1 retained; record 2 removed/merged"
"paleosol_hu_2019.xlsx","paleosol data",5,2019,"Ss-02",29.5,107.5,252.3,"Upper Changhsing Formation",,"paleosol_hu_2019.xlsx","paleosol data",31,2019,"Ss-02",29.5,107.5,252.3,"Upper Changhsing Formation",,"ambiguous: both retained; human review needed"
"paleosol_hu_2019.xlsx","paleosol data",18,2019,"Ss-02",29.5,107.5,252.3,"Upper Changhsing Formation",,"paleosol_hu_2019.xlsx","paleosol data",31,2019,"Ss-02",29.5,107.5,252.3,"Upper Changhsing Formation",,"ambiguous: both retained; human review needed"
"paleosol_hu_2019.xlsx","paleosol data",6,2019,"Ss-03",29.5,107.5,252.3,"Upper Changhsing Formation",,"paleosol_hu_2019.xlsx","paleosol data",32,2019,"Ss-03",29.5,107.5,252.3,"Upper Changhsing Formation",,"ambiguous: both retained; human review needed"
"paleosol_hu_2019.xlsx","paleosol data",19,2019,"Ss-03",29.5,107.5,252.3,"Upper Changhsing Formation",,"paleosol_hu_2019.xlsx","paleosol data",32,2019,"Ss-03",29.5,107.5,252.3,"Upper Changhsing Formation",,"ambiguous: both retained; human review needed"
"paleosol_hu_2019.xlsx","paleosol data",7,2019,"Ss-04",29.5,107.5,252.3,"Upper Changhsing Formation",,"paleosol_hu_2019.xlsx","paleosol data",33,2019,"Ss-04",29.5,107.5,252.3,"Upper Changhsing Formation",,"ambiguous: both retained; human review needed"
"paleosol_hu_2019.xlsx","paleosol data",20,2019,"Ss-04",29.5,107.5,252.3,"Upper Changhsing Formation",,"paleosol_hu_2019.xlsx","paleosol data",33,2019,"Ss-04",29.5,107.5,252.3,"Upper Changhsing Formation",,"ambiguous: both retained; human review needed"
"paleosol_hu_2019.xlsx","paleosol data",8,2019,"Ss-05",29.5,107.5,252.3,"Upper Changhsing Formation",,"paleosol_hu_2019.xlsx","paleosol data",34,2019,"Ss-05",29.5,107.5,252.3,"Upper Changhsing Formation",,"ambiguous: both retained; human review needed"
"paleosol_hu_2019.xlsx","paleosol data",21,2019,"Ss-05",29.5,107.5,252.3,"Upper Changhsing Formation",,"paleosol_hu_2019.xlsx","paleosol data",34,2019,"Ss-05",29.5,107.5,252.3,"Upper Changhsing Formation",,"ambiguous: both retained; human review needed"
"paleosol_hu_2019.xlsx","paleosol data",9,2019,"Ss-06",29.5,107.5,252.3,"Upper Changhsing Formation",,"paleosol_hu_2019.xlsx","paleosol data",35,2019,"Ss-06",29.5,107.5,252.3,"Upper Changhsing Formation",,"ambiguous: both retained; human review needed"
"paleosol_hu_2019.xlsx","paleosol data",22,2019,"Ss-06",29.5,107.5,252.3,"Upper Changhsing Formation",,"paleosol_hu_2019.xlsx","paleosol data",35,2019,"Ss-06",29.5,107.5,252.3,"Upper Changhsing Formation",,"ambiguous: both retained; human review needed"
"paleosol_hu_2019.xlsx","paleosol data",10,2019,"Ss-07",29.5,107.5,252.3,"Upper Changhsing Formation",,"paleosol_hu_2019.xlsx","paleosol data",36,2019,"Ss-07",29.5,107.5,252.3,"Upper Changhsing Formation",,"ambiguous: both retained; human review needed"
"paleosol_hu_2019.xlsx","paleosol data",23,2019,"Ss-07",29.5,107.5,252.3,"Upper Changhsing Formation",,"paleosol_hu_2019.xlsx","paleosol data",36,2019,"Ss-07",29.5,107.5,252.3,"Upper Changhsing Formation",,"ambiguous: both retained; human review needed"
"paleosol_hu_2019.xlsx","paleosol data",11,2019,"Ss-08",29.5,107.5,252.3,"Upper Changhsing Formation",,"paleosol_hu_2019.xlsx","paleosol data",37,2019,"Ss-08",29.5,107.5,252.3,"Upper Changhsing Formation",,"ambiguous: both retained; human review needed"
"paleosol_hu_2019.xlsx","paleosol data",24,2019,"Ss-08",29.5,107.5,252.3,"Upper Changhsing Formation",,"paleosol_hu_2019.xlsx","paleosol data",37,2019,"Ss-08",29.5,107.5,252.3,"Upper Changhsing Formation",,"ambiguous: both retained; human review needed"
"paleosol_hu_2019.xlsx","paleosol data",12,2019,"Ss-09",29.5,107.5,252.3,"Lower Feixianguan Formation",,"paleosol_hu_2019.xlsx","paleosol data",38,2019,"Ss-09",29.5,107.5,252.3,"Lower Feixianguan Formation",,"ambiguous: both retained; human review needed"
"paleosol_hu_2019.xlsx","paleosol data",25,2019,"Ss-09",29.5,107.5,252.3,"Lower Feixianguan Formation",,"paleosol_hu_2019.xlsx","paleosol data",38,2019,"Ss-09",29.5,107.5,252.3,"Lower Feixianguan Formation",,"ambiguous: both retained; human review needed"
"paleosol_hu_2019.xlsx","paleosol data",13,2019,"Ss-10",29.5,107.5,252.3,"Lower Feixianguan Formation",,"paleosol_hu_2019.xlsx","paleosol data",39,2019,"Ss-10",29.5,107.5,252.3,"Lower Feixianguan Formation",,"ambiguous: both retained; human review needed"
"paleosol_hu_2019.xlsx","paleosol data",26,2019,"Ss-10",29.5,107.5,252.3,"Lower Feixianguan Formation",,"paleosol_hu_2019.xlsx","paleosol data",39,2019,"Ss-10",29.5,107.5,252.3,"Lower Feixianguan Formation",,"ambiguous: both retained; human review needed"
"paleosol_hu_2019.xlsx","paleosol data",14,2019,"Ss-11",29.5,107.5,252.3,"Lower Feixianguan Formation",,"paleosol_hu_2019.xlsx","paleosol data",40,2019,"Ss-11",29.5,107.5,252.3,"Lower Feixianguan Formation",,"ambiguous: both retained; human review needed"
"paleosol_hu_2019.xlsx","paleosol data",27,2019,"Ss-11",29.5,107.5,252.3,"Lower Feixianguan Formation",,"paleosol_hu_2019.xlsx","paleosol data",40,2019,"Ss-11",29.5,107.5,252.3,"Lower Feixianguan Formation",,"ambiguous: both retained; human review needed"
"paleosol_hu_2019.xlsx","paleosol data",15,2019,"Ss-12",29.5,107.5,252.3,"Lower Feixianguan Formation",,"paleosol_hu_2019.xlsx","paleosol data",41,2019,"Ss-12",29.5,107.5,252.3,"Lower Feixianguan Formation",,"ambiguous: both retained; human review needed"
"paleosol_hu_2019.xlsx","paleosol data",28,2019,"Ss-12",29.5,107.5,252.3,"Lower Feixianguan Formation",,"paleosol_hu_2019.xlsx","paleosol data",41,2019,"Ss-12",29.5,107.5,252.3,"Lower Feixianguan Formation",,"ambiguous: both retained; human review needed"
"paleosol_hu_2019.xlsx","paleosol data",16,2019,"Ss-13",29.5,107.5,252.3,"Lower Feixianguan Formation",,"paleosol_hu_2019.xlsx","paleosol data",42,2019,"Ss-13",29.5,107.5,252.3,"Lower Feixianguan Formation",,"ambiguous: both retained; human review needed"
"paleosol_hu_2019.xlsx","paleosol data",29,2019,"Ss-13",29.5,107.5,252.3,"Lower Feixianguan Formation",,"paleosol_hu_2019.xlsx","paleosol data",42,2019,"Ss-13",29.5,107.5,252.3,"Lower Feixianguan Formation",,"ambiguous: both retained; human review needed"
"paleosol_hu_2019.xlsx","paleosol data",4,2019,"Ss-01",29.5,107.5,252.3,"Upper Changhsing Formation",,"paleosol_hu_2019.xlsx","paleosol data",43,2019,"Ss-01",29.5,107.5,252.3,"Upper Changhsing Formation",,"ambiguous: both retained; human review needed"
"paleosol_hu_2019.xlsx","paleosol data",5,2019,"Ss-02",29.5,107.5,252.3,"Upper Changhsing Formation",,"paleosol_hu_2019.xlsx","paleosol data",44,2019,"Ss-02",29.5,107.5,252.3,"Upper Changhsing Formation",,"ambiguous: both retained; human review needed"
"paleosol_hu_2019.xlsx","paleosol data",18,2019,"Ss-02",29.5,107.5,252.3,"Upper Changhsing Formation",,"paleosol_hu_2019.xlsx","paleosol data",44,2019,"Ss-02",29.5,107.5,252.3,"Upper Changhsing Formation",,"ambiguous: both retained; human review needed"
"paleosol_hu_2019.xlsx","paleosol data",31,2019,"Ss-02",29.5,107.5,252.3,"Upper Changhsing Formation",,"paleosol_hu_2019.xlsx","paleosol data",44,2019,"Ss-02",29.5,107.5,252.3,"Upper Changhsing Formation",,"ambiguous: both retained; human review needed"
"paleosol_hu_2019.xlsx","paleosol data",6,2019,"Ss-03",29.5,107.5,252.3,"Upper Changhsing Formation",,"paleosol_hu_2019.xlsx","paleosol data",45,2019,"Ss-03",29.5,107.5,252.3,"Upper Changhsing Formation",,"ambiguous: both retained; human review needed"
"paleosol_hu_2019.xlsx","paleosol data",19,2019,"Ss-03",29.5,107.5,252.3,"Upper Changhsing Formation",,"paleosol_hu_2019.xlsx","paleosol data",45,2019,"Ss-03",29.5,107.5,252.3,"Upper Changhsing Formation",,"ambiguous: both retained; human review needed"
"paleosol_hu_2019.xlsx","paleosol data",32,2019,"Ss-03",29.5,107.5,252.3,"Upper Changhsing Formation",,"paleosol_hu_2019.xlsx","paleosol data",45,2019,"Ss-03",29.5,107.5,252.3,"Upper Changhsing Formation",,"ambiguous: both retained; human review needed"
"paleosol_hu_2019.xlsx","paleosol data",7,2019,"Ss-04",29.5,107.5,252.3,"Upper Changhsing Formation",,"paleosol_hu_2019.xlsx","paleosol data",46,2019,"Ss-04",29.5,107.5,252.3,"Upper Changhsing Formation",,"ambiguous: both retained; human review needed"
"paleosol_hu_2019.xlsx","paleosol data",20,2019,"Ss-04",29.5,107.5,252.3,"Upper Changhsing Formation",,"paleosol_hu_2019.xlsx","paleosol data",46,2019,"Ss-04",29.5,107.5,252.3,"Upper Changhsing Formation",,"ambiguous: both retained; human review needed"
"paleosol_hu_2019.xlsx","paleosol data",33,2019,"Ss-04",29.5,107.5,252.3,"Upper Changhsing Formation",,"paleosol_hu_2019.xlsx","paleosol data",46,2019,"Ss-04",29.5,107.5,252.3,"Upper Changhsing Formation",,"ambiguous: both retained; human review needed"
"paleosol_hu_2019.xlsx","paleosol data",8,2019,"Ss-05",29.5,107.5,252.3,"Upper Changhsing Formation",,"paleosol_hu_2019.xlsx","paleosol data",47,2019,"Ss-05",29.5,107.5,252.3,"Upper Changhsing Formation",,"ambiguous: both retained; human review needed"
"paleosol_hu_2019.xlsx","paleosol data",21,2019,"Ss-05",29.5,107.5,252.3,"Upper Changhsing Formation",,"paleosol_hu_2019.xlsx","paleosol data",47,2019,"Ss-05",29.5,107.5,252.3,"Upper Changhsing Formation",,"ambiguous: both retained; human review needed"
"paleosol_hu_2019.xlsx","paleosol data",34,2019,"Ss-05",29.5,107.5,252.3,"Upper Changhsing Formation",,"paleosol_hu_2019.xlsx","paleosol data",47,2019,"Ss-05",29.5,107.5,252.3,"Upper Changhsing Formation",,"ambiguous: both retained; human review needed"
"paleosol_hu_2019.xlsx","paleosol data",9,2019,"Ss-06",29.5,107.5,252.3,"Upper Changhsing Formation",,"paleosol_hu_2019.xlsx","paleosol data",48,2019,"Ss-06",29.5,107.5,252.3,"Upper Changhsing Formation",,"ambiguous: both retained; human review needed"
"paleosol_hu_2019.xlsx","paleosol data",22,2019,"Ss-06",29.5,107.5,252.3,"Upper Changhsing Formation",,"paleosol_hu_2019.xlsx","paleosol data",48,2019,"Ss-06",29.5,107.5,252.3,"Upper Changhsing Formation",,"ambiguous: both retained; human review needed"
"paleosol_hu_2019.xlsx","paleosol data",35,2019,"Ss-06",29.5,107.5,252.3,"Upper Changhsing Formation",,"paleosol_hu_2019.xlsx","paleosol data",48,2019,"Ss-06",29.5,107.5,252.3,"Upper Changhsing Formation",,"ambiguous: both retained; human review needed"
"paleosol_hu_2019.xlsx","paleosol data",10,2019,"Ss-07",29.5,107.5,252.3,"Upper Changhsing Formation",,"paleosol_hu_2019.xlsx","paleosol data",49,2019,"Ss-07",29.5,107.5,252.3,"Upper Changhsing Formation",,"ambiguous: both retained; human review needed"
"paleosol_hu_2019.xlsx","paleosol data",23,2019,"Ss-07",29.5,107.5,252.3,"Upper Changhsing Formation",,"paleosol_hu_2019.xlsx","paleosol data",49,2019,"Ss-07",29.5,107.5,252.3,"Upper Changhsing Formation",,"ambiguous: both retained; human review needed"
"paleosol_hu_2019.xlsx","paleosol data",36,2019,"Ss-07",29.5,107.5,252.3,"Upper Changhsing Formation",,"paleosol_hu_2019.xlsx","paleosol data",49,2019,"Ss-07",29.5,107.5,252.3,"Upper Changhsing Formation",,"ambiguous: both retained; human review needed"
"paleosol_hu_2019.xlsx","paleosol data",11,2019,"Ss-08",29.5,107.5,252.3,"Upper Changhsing Formation",,"paleosol_hu_2019.xlsx","paleosol data",50,2019,"Ss-08",29.5,107.5,252.3,"Upper Changhsing Formation",,"ambiguous: both retained; human review needed"
"paleosol_hu_2019.xlsx","paleosol data",24,2019,"Ss-08",29.5,107.5,252.3,"Upper Changhsing Formation",,"paleosol_hu_2019.xlsx","paleosol data",50,2019,"Ss-08",29.5,107.5,252.3,"Upper Changhsing Formation",,"ambiguous: both retained; human review needed"
"paleosol_hu_2019.xlsx","paleosol data",37,2019,"Ss-08",29.5,107.5,252.3,"Upper Changhsing Formation",,"paleosol_hu_2019.xlsx","paleosol data",50,2019,"Ss-08",29.5,107.5,252.3,"Upper Changhsing Formation",,"ambiguous: both retained; human review needed"
"paleosol_hu_2019.xlsx","paleosol data",12,2019,"Ss-09",29.5,107.5,252.3,"Lower Feixianguan Formation",,"paleosol_hu_2019.xlsx","paleosol data",51,2019,"Ss-09",29.5,107.5,252.3,"Lower Feixianguan Formation",,"ambiguous: both retained; human review needed"
"paleosol_hu_2019.xlsx","paleosol data",25,2019,"Ss-09",29.5,107.5,252.3,"Lower Feixianguan Formation",,"paleosol_hu_2019.xlsx","paleosol data",51,2019,"Ss-09",29.5,107.5,252.3,"Lower Feixianguan Formation",,"ambiguous: both retained; human review needed"
"paleosol_hu_2019.xlsx","paleosol data",38,2019,"Ss-09",29.5,107.5,252.3,"Lower Feixianguan Formation",,"paleosol_hu_2019.xlsx","paleosol data",51,2019,"Ss-09",29.5,107.5,252.3,"Lower Feixianguan Formation",,"ambiguous: both retained; human review needed"
"paleosol_hu_2019.xlsx","paleosol data",13,2019,"Ss-10",29.5,107.5,252.3,"Lower Feixianguan Formation",,"paleosol_hu_2019.xlsx","paleosol data",52,2019,"Ss-10",29.5,107.5,252.3,"Lower Feixianguan Formation",,"ambiguous: both retained; human review needed"
"paleosol_hu_2019.xlsx","paleosol data",26,2019,"Ss-10",29.5,107.5,252.3,"Lower Feixianguan Formation",,"paleosol_hu_2019.xlsx","paleosol data",52,2019,"Ss-10",29.5,107.5,252.3,"Lower Feixianguan Formation",,"ambiguous: both retained; human review needed"
"paleosol_hu_2019.xlsx","paleosol data",39,2019,"Ss-10",29.5,107.5,252.3,"Lower Feixianguan Formation",,"paleosol_hu_2019.xlsx","paleosol data",52,2019,"Ss-10",29.5,107.5,252.3,"Lower Feixianguan Formation",,"ambiguous: both retained; human review needed"
"paleosol_hu_2019.xlsx","paleosol data",14,2019,"Ss-11",29.5,107.5,252.3,"Lower Feixianguan Formation",,"paleosol_hu_2019.xlsx","paleosol data",53,2019,"Ss-11",29.5,107.5,252.3,"Lower Feixianguan Formation",,"ambiguous: both retained; human review needed"
"paleosol_hu_2019.xlsx","paleosol data",27,2019,"Ss-11",29.5,107.5,252.3,"Lower Feixianguan Formation",,"paleosol_hu_2019.xlsx","paleosol data",53,2019,"Ss-11",29.5,107.5,252.3,"Lower Feixianguan Formation",,"ambiguous: both retained; human review needed"
"paleosol_hu_2019.xlsx","paleosol data",40,2019,"Ss-11",29.5,107.5,252.3,"Lower Feixianguan Formation",,"paleosol_hu_2019.xlsx","paleosol data",53,2019,"Ss-11",29.5,107.5,252.3,"Lower Feixianguan Formation",,"ambiguous: both retained; human review needed"
"paleosol_hu_2019.xlsx","paleosol data",15,2019,"Ss-12",29.5,107.5,252.3,"Lower Feixianguan Formation",,"paleosol_hu_2019.xlsx","paleosol data",54,2019,"Ss-12",29.5,107.5,252.3,"Lower Feixianguan Formation",,"ambiguous: both retained; human review needed"
"paleosol_hu_2019.xlsx","paleosol data",28,2019,"Ss-12",29.5,107.5,252.3,"Lower Feixianguan Formation",,"paleosol_hu_2019.xlsx","paleosol data",54,2019,"Ss-12",29.5,107.5,252.3,"Lower Feixianguan Formation",,"ambiguous: both retained; human review needed"
"paleosol_hu_2019.xlsx","paleosol data",41,2019,"Ss-12",29.5,107.5,252.3,"Lower Feixianguan Formation",,"paleosol_hu_2019.xlsx","paleosol data",54,2019,"Ss-12",29.5,107.5,252.3,"Lower Feixianguan Formation",,"ambiguous: both retained; human review needed"
"paleosol_hu_2019.xlsx","paleosol data",16,2019,"Ss-13",29.5,107.5,252.3,"Lower Feixianguan Formation",,"paleosol_hu_2019.xlsx","paleosol data",55,2019,"Ss-13",29.5,107.5,252.3,"Lower Feixianguan Formation",,"ambiguous: both retained; human review needed"
"paleosol_hu_2019.xlsx","paleosol data",29,2019,"Ss-13",29.5,107.5,252.3,"Lower Feixianguan Formation",,"paleosol_hu_2019.xlsx","paleosol data",55,2019,"Ss-13",29.5,107.5,252.3,"Lower Feixianguan Formation",,"ambiguous: both retained; human review needed"
"paleosol_hu_2019.xlsx","paleosol data",42,2019,"Ss-13",29.5,107.5,252.3,"Lower Feixianguan Formation",,"paleosol_hu_2019.xlsx","paleosol data",55,2019,"Ss-13",29.5,107.5,252.3,"Lower Feixianguan Formation",,"ambiguous: both retained; human review needed"
"paleosol_zhu_2021.xlsx","paleosol data",4,2021,"BP 2-1",33.591111,-99.936667,292.45,"Wichita Group, Upper Nocona Formation, north-central Texas",,"paleosol_zhu_2021.xlsx","paleosol data",10,2021,"BP 2-1",33.591111,-99.936667,292.45,"Wichita Group, Upper Nocona Formation, north-central Texas",,"record 1 retained; record 2 removed/merged"
"paleosol_zhu_2021.xlsx","paleosol data",5,2021,"BP 2-2",33.591111,-99.936667,292.45,"Wichita Group, Upper Nocona Formation, north-central Texas",,"paleosol_zhu_2021.xlsx","paleosol data",11,2021,"BP 2-2",33.591111,-99.936667,292.45,"Wichita Group, Upper Nocona Formation, north-central Texas",,"record 1 retained; record 2 removed/merged"
"paleosol_zhu_2021.xlsx","paleosol data",6,2021,"BP 2-3",33.591111,-99.936667,292.45,"Wichita Group, Upper Nocona Formation, north-central Texas",,"paleosol_zhu_2021.xlsx","paleosol data",12,2021,"BP 2-3",33.591111,-99.936667,292.45,"Wichita Group, Upper Nocona Formation, north-central Texas",,"record 1 retained; record 2 removed/merged"
"paleosol_zhu_2021.xlsx","paleosol data",7,2021,"BP 2-1",33.591111,-99.936667,292.45,"Wichita Group, Upper Nocona Formation, north-central Texas",,"paleosol_zhu_2021.xlsx","paleosol data",13,2021,"BP 2-1",33.591111,-99.936667,292.45,"Wichita Group, Upper Nocona Formation, north-central Texas",,"record 1 retained; record 2 removed/merged"
"paleosol_zhu_2021.xlsx","paleosol data",8,2021,"BP 2-2",33.591111,-99.936667,292.45,"Wichita Group, Upper Nocona Formation, north-central Texas",,"paleosol_zhu_2021.xlsx","paleosol data",14,2021,"BP 2-2",33.591111,-99.936667,292.45,"Wichita Group, Upper Nocona Formation, north-central Texas",,"record 1 retained; record 2 removed/merged"
"paleosol_zhu_2021.xlsx","paleosol data",9,2021,"BP 2-3",33.591111,-99.936667,292.45,"Wichita Group, Upper Nocona Formation, north-central Texas",,"paleosol_zhu_2021.xlsx","paleosol data",15,2021,"BP 2-3",33.591111,-99.936667,292.45,"Wichita Group, Upper Nocona Formation, north-central Texas",,"record 1 retained; record 2 removed/merged"
"paleosol_zhu_2021.xlsx","paleosol data",16,2021,"Wil 1-1",33.6069444444444,-99.9927777777778,292.45,"Wichita Group, Upper Nocona Formation, north-central Texas",,"paleosol_zhu_2021.xlsx","paleosol data",18,2021,"Wil 1-1",33.6069444444444,-99.9927777777778,292.45,"Wichita Group, Upper Nocona Formation, north-central Texas",,"record 1 retained; record 2 removed/merged"
"paleosol_zhu_2021.xlsx","paleosol data",17,2021,"Wil 1-1",33.6069444444444,-99.9927777777778,292.45,"Wichita Group, Upper Nocona Formation, north-central Texas",,"paleosol_zhu_2021.xlsx","paleosol data",19,2021,"Wil 1-1",33.6069444444444,-99.9927777777778,292.45,"Wichita Group, Upper Nocona Formation, north-central Texas",,"record 1 retained; record 2 removed/merged"
"paleosol_zhu_2021.xlsx","paleosol data",20,2021,"CCP 1-3",31.8486111111111,-99.4355555555556,292.45,"Albany Group, Upper Admiral Formation, north-central Texas",,"paleosol_zhu_2021.xlsx","paleosol data",22,2021,"CCP 1-3",31.8486111111111,-99.4355555555556,292.45,"Albany Group, Upper Admiral Formation, north-central Texas",,"record 1 retained; record 2 removed/merged"
"paleosol_zhu_2021.xlsx","paleosol data",21,2021,"CCP 1-3",31.8486111111111,-99.4355555555556,292.45,"Albany Group, Upper Admiral Formation, north-central Texas",,"paleosol_zhu_2021.xlsx","paleosol data",23,2021,"CCP 1-3",31.8486111111111,-99.4355555555556,292.45,"Albany Group, Upper Admiral Formation, north-central Texas",,"record 1 retained; record 2 removed/merged"
"paleosol_zhu_2021.xlsx","paleosol data",24,2021,"MWR 2-1",33.8233333333333,-99.0541666666667,280.2,"Wichita Group, Middle Waggoner Ranch Formation, north-central Texas",,"paleosol_zhu_2021.xlsx","paleosol data",26,2021,"MWR 2-1",33.8233333333333,-99.0541666666667,280.2,"Wichita Group, Middle Waggoner Ranch Formation, north-central Texas",,"record 1 retained; record 2 removed/merged"
"paleosol_zhu_2021.xlsx","paleosol data",25,2021,"MWR 2-1",33.8233333333333,-99.0541666666667,280.2,"Wichita Group, Middle Waggoner Ranch Formation, north-central Texas",,"paleosol_zhu_2021.xlsx","paleosol data",27,2021,"MWR 2-1",33.8233333333333,-99.0541666666667,280.2,"Wichita Group, Middle Waggoner Ranch Formation, north-central Texas",,"record 1 retained; record 2 removed/merged"
"paleosol_zhu_2021.xlsx","paleosol data",28,2021,"GB-4",33.6819444444444,-99.1202777777778,280.2,"Wichita Group, Upper Waggoner Ranch Formation, north-central Texas",,"paleosol_zhu_2021.xlsx","paleosol data",30,2021,"GB-4",33.6819444444444,-99.1202777777778,280.2,"Wichita Group, Upper Waggoner Ranch Formation, north-central Texas",,"record 1 retained; record 2 removed/merged"
"paleosol_zhu_2021.xlsx","paleosol data",29,2021,"GB-4",33.6819444444444,-99.1202777777778,280.2,"Wichita Group, Upper Waggoner Ranch Formation, north-central Texas",,"paleosol_zhu_2021.xlsx","paleosol data",31,2021,"GB-4",33.6819444444444,-99.1202777777778,280.2,"Wichita Group, Upper Waggoner Ranch Formation, north-central Texas",,"record 1 retained; record 2 removed/merged"
"paleosol_zhu_2021.xlsx","paleosol data",32,2021,"BC-1",33.8141666666667,-99.0013888888889,280.2,"Wichita Group, Lower Waggoner Ranch Formation, north-central Texas",,"paleosol_zhu_2021.xlsx","paleosol data",34,2021,"BC-1",33.8141666666667,-99.0013888888889,280.2,"Wichita Group, Lower Waggoner Ranch Formation, north-central Texas",,"record 1 retained; record 2 removed/merged"
"paleosol_zhu_2021.xlsx","paleosol data",33,2021,"BC-1",33.8141666666667,-99.0013888888889,280.2,"Wichita Group, Lower Waggoner Ranch Formation, north-central Texas",,"paleosol_zhu_2021.xlsx","paleosol data",35,2021,"BC-1",33.8141666666667,-99.0013888888889,280.2,"Wichita Group, Lower Waggoner Ranch Formation, north-central Texas",,"record 1 retained; record 2 removed/merged"
"paleosol_zhu_2021.xlsx","paleosol data",36,2021,"BC-4",33.8141666666667,-99.0013888888889,280.2,"Wichita Group, Lower Waggoner Ranch Formation, north-central Texas",,"paleosol_zhu_2021.xlsx","paleosol data",38,2021,"BC-4",33.8141666666667,-99.0013888888889,280.2,"Wichita Group, Lower Waggoner Ranch Formation, north-central Texas",,"record 1 retained; record 2 removed/merged"
"paleosol_zhu_2021.xlsx","paleosol data",37,2021,"BC-4",33.8141666666667,-99.0013888888889,280.2,"Wichita Group, Lower Waggoner Ranch Formation, north-central Texas",,"paleosol_zhu_2021.xlsx","paleosol data",39,2021,"BC-4",33.8141666666667,-99.0013888888889,280.2,"Wichita Group, Lower Waggoner Ranch Formation, north-central Texas",,"record 1 retained; record 2 removed/merged"
"paleosol_zhu_2021.xlsx","paleosol data",40,2021,"MS Car-0",33.7388888888889,-99.1425,280.2,"Wichita Group, Lower Waggoner Ranch Formation, north-central Texas",,"paleosol_zhu_2021.xlsx","paleosol data",42,2021,"MS Car-0",33.7388888888889,-99.1425,280.2,"Wichita Group, Lower Waggoner Ranch Formation, north-central Texas",,"record 1 retained; record 2 removed/merged"
"paleosol_zhu_2021.xlsx","paleosol data",41,2021,"MS Car-0",33.7388888888889,-99.1425,280.2,"Wichita Group, Lower Waggoner Ranch Formation, north-central Texas",,"paleosol_zhu_2021.xlsx","paleosol data",43,2021,"MS Car-0",33.7388888888889,-99.1425,280.2,"Wichita Group, Lower Waggoner Ranch Formation, north-central Texas",,"record 1 retained; record 2 removed/merged"
"paleosol_zhu_2021.xlsx","paleosol data",44,2021,"LLK-4",33.7386111111111,-99.1413888888889,280.2,"Wichita Group, Lower Waggoner Ranch Formation, north-central Texas",,"paleosol_zhu_2021.xlsx","paleosol data",46,2021,"LLK-4",33.7386111111111,-99.1413888888889,280.2,"Wichita Group, Lower Waggoner Ranch Formation, north-central Texas",,"record 1 retained; record 2 removed/merged"
"paleosol_zhu_2021.xlsx","paleosol data",45,2021,"LLK-4",33.7386111111111,-99.1413888888889,280.2,"Wichita Group, Lower Waggoner Ranch Formation, north-central Texas",,"paleosol_zhu_2021.xlsx","paleosol data",47,2021,"LLK-4",33.7386111111111,-99.1413888888889,280.2,"Wichita Group, Lower Waggoner Ranch Formation, north-central Texas",,"record 1 retained; record 2 removed/merged"
"paleosol_zhu_2021.xlsx","paleosol data",48,2021,"LLK-7",33.7386111111111,-99.1413888888889,280.2,"Wichita Group, Lower Waggoner Ranch Formation, north-central Texas",,"paleosol_zhu_2021.xlsx","paleosol data",50,2021,"LLK-7",33.7386111111111,-99.1413888888889,280.2,"Wichita Group, Lower Waggoner Ranch Formation, north-central Texas",,"record 1 retained; record 2 removed/merged"
"paleosol_zhu_2021.xlsx","paleosol data",49,2021,"LLK-7",33.7386111111111,-99.1413888888889,280.2,"Wichita Group, Lower Waggoner Ranch Formation, north-central Texas",,"paleosol_zhu_2021.xlsx","paleosol data",51,2021,"LLK-7",33.7386111111111,-99.1413888888889,280.2,"Wichita Group, Lower Waggoner Ranch Formation, north-central Texas",,"record 1 retained; record 2 removed/merged"
"paleosol_zhu_2021.xlsx","paleosol data",52,2021,"LLK-11",33.7386111111111,-99.1413888888889,280.2,"Wichita Group, Lower Waggoner Ranch Formation, north-central Texas",,"paleosol_zhu_2021.xlsx","paleosol data",54,2021,"LLK-11",33.7386111111111,-99.1413888888889,280.2,"Wichita Group, Lower Waggoner Ranch Formation, north-central Texas",,"record 1 retained; record 2 removed/merged"
"paleosol_zhu_2021.xlsx","paleosol data",53,2021,"LLK-11",33.7386111111111,-99.1413888888889,280.2,"Wichita Group, Lower Waggoner Ranch Formation, north-central Texas",,"paleosol_zhu_2021.xlsx","paleosol data",55,2021,"LLK-11",33.7386111111111,-99.1413888888889,280.2,"Wichita Group, Lower Waggoner Ranch Formation, north-central Texas",,"record 1 retained; record 2 removed/merged"
"paleosol_zhu_2021.xlsx","paleosol data",56,2021,"LLK-12",33.7386111111111,-99.1413888888889,280.2,"Wichita Group, Lower Waggoner Ranch Formation, north-central Texas",,"paleosol_zhu_2021.xlsx","paleosol data",58,2021,"LLK-12",33.7386111111111,-99.1413888888889,280.2,"Wichita Group, Lower Waggoner Ranch Formation, north-central Texas",,"record 1 retained; record 2 removed/merged"
"paleosol_zhu_2021.xlsx","paleosol data",57,2021,"LLK-12",33.7386111111111,-99.1413888888889,280.2,"Wichita Group, Lower Waggoner Ranch Formation, north-central Texas",,"paleosol_zhu_2021.xlsx","paleosol data",59,2021,"LLK-12",33.7386111111111,-99.1413888888889,280.2,"Wichita Group, Lower Waggoner Ranch Formation, north-central Texas",,"record 1 retained; record 2 removed/merged"
"paleosol_zhu_2021.xlsx","paleosol data",60,2021,"SWLK 1-2",33.7361111111111,-99.21,280.2,"Wichita Group, Upper Lueders Formation, north-central Texas",,"paleosol_zhu_2021.xlsx","paleosol data",62,2021,"SWLK 1-2",33.7361111111111,-99.21,280.2,"Wichita Group, Upper Lueders Formation",,"ambiguous: both retained; human review needed"
"paleosol_zhu_2021.xlsx","paleosol data",61,2021,"SWLK 1-2",33.7361111111111,-99.21,280.2,"Wichita Group, Upper Lueders Formation",,"paleosol_zhu_2021.xlsx","paleosol data",63,2021,"SWLK 1-2",33.7361111111111,-99.21,280.2,"Wichita Group, Upper Lueders Formation",,"record 1 retained; record 2 removed/merged"
"paleosol_zhu_2021.xlsx","paleosol data",64,2021,"SWLK 4-2",33.7361111111111,-99.21,280.2,"Wichita Group, Upper Lueders Formation",,"paleosol_zhu_2021.xlsx","paleosol data",66,2021,"SWLK 4-2",33.7361111111111,-99.21,280.2,"Wichita Group, Upper Lueders Formation",,"record 1 retained; record 2 removed/merged"
"paleosol_zhu_2021.xlsx","paleosol data",65,2021,"SWLK 4-2",33.7361111111111,-99.21,280.2,"Wichita Group, Upper Lueders Formation",,"paleosol_zhu_2021.xlsx","paleosol data",67,2021,"SWLK 4-2",33.7361111111111,-99.21,280.2,"Wichita Group, Upper Lueders Formation",,"record 1 retained; record 2 removed/merged"
"paleosol_zhu_2021.xlsx","paleosol data",68,2021,"BCk 1-1",33.8236111111111,-99.2694444444444,280.2,"Lower Clear Fork Group, north-central Texas",,"paleosol_zhu_2021.xlsx","paleosol data",70,2021,"BCk 1-1",33.8236111111111,-99.2694444444444,280.2,"Lower Clear Fork Group, north-central Texas",,"record 1 retained; record 2 removed/merged"
"paleosol_zhu_2021.xlsx","paleosol data",69,2021,"BCk 1-1",33.8236111111111,-99.2694444444444,280.2,"Lower Clear Fork Group, north-central Texas",,"paleosol_zhu_2021.xlsx","paleosol data",71,2021,"BCk 1-1",33.8236111111111,-99.2694444444444,280.2,"Lower Clear Fork Group, north-central Texas",,"record 1 retained; record 2 removed/merged"
"paleosol_zhu_2021.xlsx","paleosol data",72,2021,"BCk 2-4",33.8288888888889,-99.2763888888889,280.2,"Lower Clear Fork Group, north-central Texas",,"paleosol_zhu_2021.xlsx","paleosol data",74,2021,"BCk 2-4",33.8288888888889,-99.2763888888889,280.2,"Lower Clear Fork Group, north-central Texas",,"record 1 retained; record 2 removed/merged"
"paleosol_zhu_2021.xlsx","paleosol data",73,2021,"BCk 2-4",33.8288888888889,-99.2763888888889,280.2,"Lower Clear Fork Group, north-central Texas",,"paleosol_zhu_2021.xlsx","paleosol data",75,2021,"BCk 2-4",33.8288888888889,-99.2763888888889,280.2,"Lower Clear Fork Group, north-central Texas",,"record 1 retained; record 2 removed/merged"
"paleosol_zhu_2021.xlsx","paleosol data",76,2021,"BCk 4-1",33.8355555555556,-99.2752777777778,280.2,"Lower Clear Fork Group, north-central Texas",,"paleosol_zhu_2021.xlsx","paleosol data",78,2021,"BCk 4-1",33.8355555555556,-99.2752777777778,280.2,"Lower Clear Fork Group, north-central Texas",,"record 1 retained; record 2 removed/merged"
"paleosol_zhu_2021.xlsx","paleosol data",77,2021,"BCk 4-1",33.8355555555556,-99.2752777777778,280.2,"Lower Clear Fork Group, north-central Texas",,"paleosol_zhu_2021.xlsx","paleosol data",79,2021,"BCk 4-1",33.8355555555556,-99.2752777777778,280.2,"Lower Clear Fork Group, north-central Texas",,"record 1 retained; record 2 removed/merged"
"paleosol_zhu_2021.xlsx","paleosol data",80,2021,"CrR 1-1",33.8147222222222,-99.3638888888889,280.2,"Lower Clear Fork Group, north-central Texas",,"paleosol_zhu_2021.xlsx","paleosol data",82,2021,"CrR 1-1",33.8147222222222,-99.3638888888889,280.2,"Lower Clear Fork Group, north-central Texas",,"record 1 retained; record 2 removed/merged"
"paleosol_zhu_2021.xlsx","paleosol data",81,2021,"CrR 1-1",33.8147222222222,-99.3638888888889,280.2,"Lower Clear Fork Group, north-central Texas",,"paleosol_zhu_2021.xlsx","paleosol data",83,2021,"CrR 1-1",33.8147222222222,-99.3638888888889,280.2,"Lower Clear Fork Group, north-central Texas",,"record 1 retained; record 2 removed/merged"
"paleosol_zhu_2021.xlsx","paleosol data",84,2021,"CrR 1-2",33.8147222222222,-99.3638888888889,280.2,"Lower Clear Fork Group, north-central Texas",,"paleosol_zhu_2021.xlsx","paleosol data",86,2021,"CrR 1-2",33.8147222222222,-99.3638888888889,280.2,"Lower Clear Fork Group, north-central Texas",,"record 1 retained; record 2 removed/merged"
"paleosol_zhu_2021.xlsx","paleosol data",85,2021,"CrR 1-2",33.8147222222222,-99.3638888888889,280.2,"Lower Clear Fork Group, north-central Texas",,"paleosol_zhu_2021.xlsx","paleosol data",87,2021,"CrR 1-2",33.8147222222222,-99.3638888888889,280.2,"Lower Clear Fork Group, north-central Texas",,"record 1 retained; record 2 removed/merged"
"paleosol_zhu_2021.xlsx","paleosol data",88,2021,"KW-3",33.7713888888889,-99.7686111111111,280.2,"Middle Clear Fork Group, north Central Texas",,"paleosol_zhu_2021.xlsx","paleosol data",90,2021,"KW-3",33.7713888888889,-99.7686111111111,280.2,"Middle Clear Fork Group, north Central Texas",,"record 1 retained; record 2 removed/merged"
"paleosol_zhu_2021.xlsx","paleosol data",89,2021,"KW-3",33.7713888888889,-99.7686111111111,280.2,"Middle Clear Fork Group, north Central Texas",,"paleosol_zhu_2021.xlsx","paleosol data",91,2021,"KW-3",33.7713888888889,-99.7686111111111,280.2,"Middle Clear Fork Group, north Central Texas",,"record 1 retained; record 2 removed/merged"
"paleosol_zhu_2021.xlsx","paleosol data",92,2021,"MgR 2-1",33.825,-99.6291666666667,280.2,"Upper Clear Fork Group, north-central Texas",,"paleosol_zhu_2021.xlsx","paleosol data",94,2021,"MgR 2-1",33.825,-99.6291666666667,280.2,"Upper Clear Fork Group, north-central Texas",,"record 1 retained; record 2 removed/merged"
"paleosol_zhu_2021.xlsx","paleosol data",93,2021,"MgR 2-1",33.825,-99.6291666666667,280.2,"Upper Clear Fork Group, north-central Texas",,"paleosol_zhu_2021.xlsx","paleosol data",95,2021,"MgR 2-1",33.825,-99.6291666666667,280.2,"Upper Clear Fork Group, north-central Texas",,"record 1 retained; record 2 removed/merged"
