".file",".sheet",".row",".study","method","sample","age_mean","combined_row","included"
"stomata-franks_liang_2022a.xlsx","leaf gas-exchange_Franks",4,"liang_2022a","franks","BU19073006","15.78",5,TRUE
"stomata-franks_liang_2022a.xlsx","leaf gas-exchange_Franks",5,"liang_2022a","franks","BU19073045","15.78",6,TRUE
"stomata-franks_liang_2022a.xlsx","leaf gas-exchange_Franks",6,"liang_2022a","franks","BU19073047","15.78",7,TRUE
"stomata-franks_liang_2022a.xlsx","leaf gas-exchange_Franks",7,"liang_2022a","franks","BU19073049","15.78",8,TRUE
"stomata-franks_liang_2022a.xlsx","leaf gas-exchange_Franks",8,"liang_2022a","franks","BU19073050","15.78",9,TRUE
"stomata-franks_liang_2022a.xlsx","leaf gas-exchange_Franks",9,"liang_2022a","franks","BU19073052","15.78",10,TRUE
"stomata-franks_liang_2022a.xlsx","leaf gas-exchange_Franks",10,"liang_2022a","franks","BU19073062","15.78",11,TRUE
"stomata-franks_liang_2022a.xlsx","leaf gas-exchange_Franks",11,"liang_2022a","franks","BU19073054","15.78",12,TRUE
"stomata-franks_liang_2022a.xlsx","leaf gas-exchange_Franks",12,"liang_2022a","franks","BU18080136","15.78",13,TRUE
"stomata-franks_liang_2022a.xlsx","leaf gas-exchange_Franks",13,"liang_2022a","franks","BU19030917-1","15.78",14,TRUE
"stomata-franks_liang_2022b.xlsx","leaf gas-exchange_Franks",4,"liang_2022b","franks","Metasequoia ELS-18-61","21.09",16,TRUE
"stomata-franks_liang_2022b.xlsx","leaf gas-exchange_Franks",5,"liang_2022b","franks","Metasequoia ELS-18-181","21.09",17,TRUE
"stomata-franks_liang_2022b.xlsx","leaf gas-exchange_Franks",6,"liang_2022b","franks","Metasequoia ELS-19-148","21.09",18,TRUE
"stomata-franks_liang_2022b.xlsx","leaf gas-exchange_Franks",7,"liang_2022b","franks","Sequoia ELS-18-27","21.09",19,TRUE
"stomata-franks_liang_2022b.xlsx","leaf gas-exchange_Franks",8,"liang_2022b","franks","Sequoia ELS-18-201","21.09",20,TRUE
"stomata-franks_liang_2022b.xlsx","leaf gas-exchange_Franks",9,"liang_2022b","franks","Sequoia ELS-19-87","21.09",21,TRUE
"stomata-franks_londono_2018.xlsx","leaf gas-exchange_Franks",4,"londono_2018","franks","PM-M2","18.100000000000001",22,TRUE
"stomata-franks_londono_2018.xlsx","leaf gas-exchange_Franks",5,"londono_2018","franks","PM-M3","18.100000000000001",23,TRUE
"stomata-franks_londono_2018.xlsx","leaf gas-exchange_Franks",6,"londono_2018","franks","PM-M4","18.100000000000001",24,TRUE
"stomata-franks_londono_2018.xlsx","leaf gas-exchange_Franks",7,"londono_2018","franks","PM-M5","18.100000000000001",25,TRUE
"stomata-franks_londono_2018.xlsx","leaf gas-exchange_Franks",8,"londono_2018","franks","PM-M6","18.100000000000001",26,TRUE
"stomata-franks_maxbauer_2014.xlsx","leaf gas-exchange_Franks",4,"maxbauer_2014","franks","Metasequoia occidentalis","42.5",,FALSE
"stomata-franks_reichgelt_2020.xlsx","leaf gas-exchange_Franks",4,"reichgelt_2020","franks",,"22.946000000000002",27,TRUE
"stomata-franks_reichgelt_2020.xlsx","leaf gas-exchange_Franks",5,"reichgelt_2020","franks","9.09.50.1","22.939",28,TRUE
"stomata-franks_reichgelt_2020.xlsx","leaf gas-exchange_Franks",6,"reichgelt_2020","franks","14.2.15.1","22.943999999999999",29,TRUE
"stomata-franks_reichgelt_2020.xlsx","leaf gas-exchange_Franks",7,"reichgelt_2020","franks","14.2.40.5","22.943999999999999",30,TRUE
"stomata-franks_reichgelt_2020.xlsx","leaf gas-exchange_Franks",8,"reichgelt_2020","franks","14.2.40.6","22.943999999999999",31,TRUE
"stomata-franks_reichgelt_2020.xlsx","leaf gas-exchange_Franks",9,"reichgelt_2020","franks","17.91.45.5","22.946999999999999",32,TRUE
"stomata-franks_reichgelt_2020.xlsx","leaf gas-exchange_Franks",10,"reichgelt_2020","franks","17.91.70.1","22.946999999999999",33,TRUE
"stomata-franks_reichgelt_2020.xlsx","leaf gas-exchange_Franks",11,"reichgelt_2020","franks","17.91.70.5","22.946999999999999",34,TRUE
"stomata-franks_reichgelt_2020.xlsx","leaf gas-exchange_Franks",12,"reichgelt_2020","franks","17.91.70.7","22.946999999999999",35,TRUE
"stomata-franks_reichgelt_2020.xlsx","leaf gas-exchange_Franks",13,"reichgelt_2020","franks","17.91.70.8","22.946999999999999",36,TRUE
"stomata-franks_reichgelt_2020.xlsx","leaf gas-exchange_Franks",14,"reichgelt_2020","franks","18.99.35.1","22.948",37,TRUE
"stomata-franks_reichgelt_2020.xlsx","leaf gas-exchange_Franks",15,"reichgelt_2020","franks","18.99.90.1","22.948",38,TRUE
"stomata-franks_reichgelt_2020.xlsx","leaf gas-exchange_Franks",16,"reichgelt_2020","franks","18.99.90.2","22.948",39,TRUE
"stomata-franks_reichgelt_2020.xlsx","leaf gas-exchange_Franks",17,"reichgelt_2020","franks",,"22.968",40,TRUE
"stomata-franks_reichgelt_2020.xlsx","leaf gas-exchange_Franks",18,"reichgelt_2020","franks","18.99.90.5","22.948",41,TRUE
"stomata-franks_reichgelt_2020.xlsx","leaf gas-exchange_Franks",19,"reichgelt_2020","franks","31.19.10.1","22.960999999999999",42,TRUE
"stomata-franks_reichgelt_2020.xlsx","leaf gas-exchange_Franks",20,"reichgelt_2020","franks","31.19.20.4","22.960999999999999",43,TRUE
"stomata-franks_reichgelt_2020.xlsx","leaf gas-exchange_Franks",21,"reichgelt_2020","franks","31.19.34.1","22.960999999999999",44,TRUE
"stomata-franks_reichgelt_2020.xlsx","leaf gas-exchange_Franks",22,"reichgelt_2020","franks","32.20.30.1","22.962",45,TRUE
"stomata-franks_reichgelt_2020.xlsx","leaf gas-exchange_Franks",23,"reichgelt_2020","franks","32.20.60.1","22.962",46,TRUE
"stomata-franks_reichgelt_2020.xlsx","leaf gas-exchange_Franks",24,"reichgelt_2020","franks","37.4.25.4","22.966999999999999",47,TRUE
"stomata-franks_reichgelt_2020.xlsx","leaf gas-exchange_Franks",25,"reichgelt_2020","franks","38.97.90.10","22.968",48,TRUE
"stomata-franks_reichgelt_2020.xlsx","leaf gas-exchange_Franks",26,"reichgelt_2020","franks","38.97.90.9","22.968",49,TRUE
"stomata-franks_reichgelt_2020.xlsx","leaf gas-exchange_Franks",27,"reichgelt_2020","franks","38.97.90.8","22.968",50,TRUE
"stomata-franks_reichgelt_2020.xlsx","leaf gas-exchange_Franks",28,"reichgelt_2020","franks","40.93.80.4","22.97",51,TRUE
"stomata-franks_reichgelt_2020.xlsx","leaf gas-exchange_Franks",29,"reichgelt_2020","franks","40.93.80.1","22.97",52,TRUE
"stomata-franks_reichgelt_2020.xlsx","leaf gas-exchange_Franks",30,"reichgelt_2020","franks","41.88.12.1","22.971",53,TRUE
"stomata-franks_reichgelt_2020.xlsx","leaf gas-exchange_Franks",31,"reichgelt_2020","franks","41.88.28.4","22.971",54,TRUE
"stomata-franks_reichgelt_2020.xlsx","leaf gas-exchange_Franks",32,"reichgelt_2020","franks","41.88.28.7","22.971",55,TRUE
"stomata-franks_reichgelt_2020.xlsx","leaf gas-exchange_Franks",33,"reichgelt_2020","franks","41.88.28.5","22.971",56,TRUE
"stomata-franks_reichgelt_2020.xlsx","leaf gas-exchange_Franks",34,"reichgelt_2020","franks","42.85.0.2","22.972000000000001",57,TRUE
"stomata-franks_reichgelt_2020.xlsx","leaf gas-exchange_Franks",35,"reichgelt_2020","franks",,"22.988",58,TRUE
"stomata-franks_reichgelt_2020.xlsx","leaf gas-exchange_Franks",36,"reichgelt_2020","franks","42.85.70.3","22.972000000000001",59,TRUE
"stomata-franks_reichgelt_2020.xlsx","leaf gas-exchange_Franks",37,"reichgelt_2020","franks","42.85.70.4","22.972000000000001",60,TRUE
"stomata-franks_reichgelt_2020.xlsx","leaf gas-exchange_Franks",38,"reichgelt_2020","franks","43.82.0.1","22.972999999999999",61,TRUE
"stomata-franks_reichgelt_2020.xlsx","leaf gas-exchange_Franks",39,"reichgelt_2020","franks","56.31.20.1","22.986000000000001",62,TRUE
"stomata-franks_reichgelt_2020.xlsx","leaf gas-exchange_Franks",40,"reichgelt_2020","franks","57.31.0.2","22.986999999999998",63,TRUE
"stomata-franks_reichgelt_2020.xlsx","leaf gas-exchange_Franks",41,"reichgelt_2020","franks","57.31.95.3","22.986999999999998",64,TRUE
"stomata-franks_reichgelt_2020.xlsx","leaf gas-exchange_Franks",42,"reichgelt_2020","franks","62.19.2.1","22.992000000000001",65,TRUE
"stomata-franks_reichgelt_2020.xlsx","leaf gas-exchange_Franks",43,"reichgelt_2020","franks",,"23.018999999999998",66,TRUE
"stomata-franks_reichgelt_2020.xlsx","leaf gas-exchange_Franks",44,"reichgelt_2020","franks","62.19.90.1","22.992000000000001",67,TRUE
"stomata-franks_reichgelt_2020.xlsx","leaf gas-exchange_Franks",45,"reichgelt_2020","franks","63.19.95.3","22.992999999999999",68,TRUE
"stomata-franks_reichgelt_2020.xlsx","leaf gas-exchange_Franks",46,"reichgelt_2020","franks","63.19.95.1","22.992999999999999",69,TRUE
"stomata-franks_reichgelt_2020.xlsx","leaf gas-exchange_Franks",47,"reichgelt_2020","franks","83.48.86.2","23.012999999999998",70,TRUE
"stomata-franks_reichgelt_2020.xlsx","leaf gas-exchange_Franks",48,"reichgelt_2020","franks","83.48.86.3","23.012999999999998",71,TRUE
"stomata-franks_reichgelt_2020.xlsx","leaf gas-exchange_Franks",49,"reichgelt_2020","franks","84.43.18.2","23.013999999999999",72,TRUE
"stomata-franks_reichgelt_2020.xlsx","leaf gas-exchange_Franks",50,"reichgelt_2020","franks","84.43.68.1","23.013999999999999",73,TRUE
"stomata-franks_reichgelt_2020.xlsx","leaf gas-exchange_Franks",51,"reichgelt_2020","franks","84.43.68.4","23.013999999999999",74,TRUE
"stomata-franks_reichgelt_2020.xlsx","leaf gas-exchange_Franks",52,"reichgelt_2020","franks","101.4.16.2","23.030999999999999",,FALSE
"stomata-franks_reichgelt_2020.xlsx","leaf gas-exchange_Franks",53,"reichgelt_2020","franks","101.4.16.1","23.030999999999999",,FALSE
"stomata-franks_steinthorsdottir_2021.xlsx","leaf gas-exchange_Franks",4,"steinthorsdottir_2021","franks","P37 site (aggregate of three species)","15.78",75,TRUE
"stomata-franks_steinthorsdottir_2021.xlsx","leaf gas-exchange_Franks",5,"steinthorsdottir_2021","franks","P33 site (aggregate of five species)","15.78",76,TRUE
"stomata-franks_steinthorsdottir_2021.xlsx","leaf gas-exchange_Franks",6,"steinthorsdottir_2021","franks","P37 Bev 1","15.78",77,TRUE
"stomata-franks_steinthorsdottir_2021.xlsx","leaf gas-exchange_Franks",7,"steinthorsdottir_2021","franks","P37 Bev 2","15.78",78,TRUE
"stomata-franks_steinthorsdottir_2021.xlsx","leaf gas-exchange_Franks",8,"steinthorsdottir_2021","franks","P37 Bev 3","15.78",79,TRUE
"stomata-franks_steinthorsdottir_2021.xlsx","leaf gas-exchange_Franks",9,"steinthorsdottir_2021","franks","P37 Bev 4","15.78",80,TRUE
"stomata-franks_steinthorsdottir_2021.xlsx","leaf gas-exchange_Franks",10,"steinthorsdottir_2021","franks","P37 Bef 1","15.78",81,TRUE
"stomata-franks_steinthorsdottir_2021.xlsx","leaf gas-exchange_Franks",11,"steinthorsdottir_2021","franks","P37 Bef 2","15.78",82,TRUE
"stomata-franks_steinthorsdottir_2021.xlsx","leaf gas-exchange_Franks",12,"steinthorsdottir_2021","franks","P37 Bef 3","15.78",83,TRUE
"stomata-franks_steinthorsdottir_2021.xlsx","leaf gas-exchange_Franks",13,"steinthorsdottir_2021","franks","P37 Bef 4","15.78",84,TRUE
"stomata-franks_steinthorsdottir_2021.xlsx","leaf gas-exchange_Franks",14,"steinthorsdottir_2021","franks","P37 Que 1","15.78",85,TRUE
"stomata-franks_steinthorsdottir_2021.xlsx","leaf gas-exchange_Franks",15,"steinthorsdottir_2021","franks","P37 Que 2","15.78",86,TRUE
"stomata-franks_steinthorsdottir_2021.xlsx","leaf gas-exchange_Franks",16,"steinthorsdottir_2021","franks","P37 Que 3","15.78",87,TRUE
"stomata-franks_steinthorsdottir_2021.xlsx","leaf gas-exchange_Franks",17,"steinthorsdottir_2021","franks","P37 Que 4","15.78",88,TRUE
"stomata-franks_steinthorsdottir_2021.xlsx","leaf gas-exchange_Franks",18,"steinthorsdottir_2021","franks","P37 Que 5","15.78",89,TRUE
"stomata-franks_steinthorsdottir_2021.xlsx","leaf gas-exchange_Franks",19,"steinthorsdottir_2021","franks","P37 Que 6","15.78",90,TRUE
"stomata-franks_steinthorsdottir_2021.xlsx","leaf gas-exchange_Franks",20,"steinthorsdottir_2021","franks","P37 Que 7","15.78",91,TRUE
"stomata-franks_steinthorsdottir_2021.xlsx","leaf gas-exchange_Franks",21,"steinthorsdottir_2021","franks","P37 Que 8","15.78",92,TRUE
"stomata-franks_steinthorsdottir_2021.xlsx","leaf gas-exchange_Franks",22,"steinthorsdottir_2021","franks","P37 Que 9","15.78",93,TRUE
"stomata-franks_steinthorsdottir_2021.xlsx","leaf gas-exchange_Franks",23,"steinthorsdottir_2021","franks","P37 Que 10","15.78",94,TRUE
"stomata-franks_steinthorsdottir_2021.xlsx","leaf gas-exchange_Franks",24,"steinthorsdottir_2021","franks","P37 Que 11","15.78",95,TRUE
"stomata-franks_steinthorsdottir_2021.xlsx","leaf gas-exchange_Franks",25,"steinthorsdottir_2021","franks","P37 Que 12","15.78",96,TRUE
"stomata-franks_steinthorsdottir_2021.xlsx","leaf gas-exchange_Franks",26,"steinthorsdottir_2021","franks","P37 Que 13","15.78",97,TRUE
"stomata-franks_steinthorsdottir_2021.xlsx","leaf gas-exchange_Franks",27,"steinthorsdottir_2021","franks","P37 Que 14","15.78",98,TRUE
"stomata-franks_steinthorsdottir_2021.xlsx","leaf gas-exchange_Franks",28,"steinthorsdottir_2021","franks","P37 Que 15","15.78",99,TRUE
"stomata-franks_steinthorsdottir_2021.xlsx","leaf gas-exchange_Franks",29,"steinthorsdottir_2021","franks","P37 Que 16","15.78",100,TRUE
"stomata-franks_steinthorsdottir_2021.xlsx","leaf gas-exchange_Franks",30,"steinthorsdottir_2021","franks","P37 Que 17","15.78",101,TRUE
"stomata-franks_steinthorsdottir_2021.xlsx","leaf gas-exchange_Franks",31,"steinthorsdottir_2021","franks","P37 Que 18","15.78",102,TRUE
"stomata-franks_steinthorsdottir_2021.xlsx","leaf gas-exchange_Franks",32,"steinthorsdottir_2021","franks","P33 Bev 1","15.78",103,TRUE
"stomata-franks_steinthorsdottir_2021.xlsx","leaf gas-exchange_Franks",33,"steinthorsdottir_2021","franks","P33 Bev 2","15.78",104,TRUE
"stomata-franks_steinthorsdottir_2021.xlsx","leaf gas-exchange_Franks",34,"steinthorsdottir_2021","franks","P33 Bev 3","15.78",105,TRUE
"stomata-franks_steinthorsdottir_2021.xlsx","leaf gas-exchange_Franks",35,"steinthorsdottir_2021","franks","P33 Bev 4","15.78",106,TRUE
"stomata-franks_steinthorsdottir_2021.xlsx","leaf gas-exchange_Franks",36,"steinthorsdottir_2021","franks","P33 Bev 5","15.78",107,TRUE
"stomata-franks_steinthorsdottir_2021.xlsx","leaf gas-exchange_Franks",37,"steinthorsdottir_2021","franks","P33 Bev 6","15.78",108,TRUE
"stomata-franks_steinthorsdottir_2021.xlsx","leaf gas-exchange_Franks",38,"steinthorsdottir_2021","franks","P33 Bev 7","15.78",109,TRUE
"stomata-franks_steinthorsdottir_2021.xlsx","leaf gas-exchange_Franks",39,"steinthorsdottir_2021","franks","P33 Bev 8","15.78",110,TRUE
"stomata-franks_steinthorsdottir_2021.xlsx","leaf gas-exchange_Franks",40,"steinthorsdottir_2021","franks","P33 Bev 9","15.78",111,TRUE
"stomata-franks_steinthorsdottir_2021.xlsx","leaf gas-exchange_Franks",41,"steinthorsdottir_2021","franks","P33 Bef 1","15.78",112,TRUE
"stomata-franks_steinthorsdottir_2021.xlsx","leaf gas-exchange_Franks",42,"steinthorsdottir_2021","franks","P33 Bef 2","15.78",113,TRUE
"stomata-franks_steinthorsdottir_2021.xlsx","leaf gas-exchange_Franks",43,"steinthorsdottir_2021","franks","P33 Bef 3","15.78",114,TRUE
"stomata-franks_steinthorsdottir_2021.xlsx","leaf gas-exchange_Franks",44,"steinthorsdottir_2021","franks","P33 Bef 4","15.78",115,TRUE
"stomata-franks_steinthorsdottir_2021.xlsx","leaf gas-exchange_Franks",45,"steinthorsdottir_2021","franks","P33 Bef 5","15.78",116,TRUE
"stomata-franks_steinthorsdottir_2021.xlsx","leaf gas-exchange_Franks",46,"steinthorsdottir_2021","franks","P33 Bef 6","15.78",117,TRUE
"stomata-franks_steinthorsdottir_2021.xlsx","leaf gas-exchange_Franks",47,"steinthorsdottir_2021","franks","P33 Bef 7","15.78",118,TRUE
"stomata-franks_steinthorsdottir_2021.xlsx","leaf gas-exchange_Franks",48,"steinthorsdottir_2021","franks","P33 Laur 1","15.78",119,TRUE
"stomata-franks_steinthorsdottir_2021.xlsx","leaf gas-exchange_Franks",49,"steinthorsdottir_2021","franks","P33 Laur 2","15.78",120,TRUE
"stomata-franks_steinthorsdottir_2021.xlsx","leaf gas-exchange_Franks",50,"steinthorsdottir_2021","franks","P33 Laur 3","15.78",121,TRUE
"stomata-franks_steinthorsdottir_2021.xlsx","leaf gas-exchange_Franks",51,"steinthorsdottir_2021","franks","P33 Laur 4","15.78",122,TRUE
"stomata-franks_steinthorsdottir_2021.xlsx","leaf gas-exchange_Franks",52,"steinthorsdottir_2021","franks","P33 Laur 5","15.78",123,TRUE
"stomata-franks_steinthorsdottir_2021.xlsx","leaf gas-exchange_Franks",53,"steinthorsdottir_2021","franks","P33 Laur 6","15.78",124,TRUE
"stomata-franks_steinthorsdottir_2021.xlsx","leaf gas-exchange_Franks",54,"steinthorsdottir_2021","franks","P33 Que 1","15.78",125,TRUE
"stomata-franks_steinthorsdottir_2021.xlsx","leaf gas-exchange_Franks",55,"steinthorsdottir_2021","franks","P33 Que 2","15.78",126,TRUE
"stomata-franks_steinthorsdottir_2021.xlsx","leaf gas-exchange_Franks",56,"steinthorsdottir_2021","franks","P33 Que 3","15.78",127,TRUE
"stomata-franks_steinthorsdottir_2021.xlsx","leaf gas-exchange_Franks",57,"steinthorsdottir_2021","franks","P33 Que 4","15.78",128,TRUE
"stomata-franks_steinthorsdottir_2021.xlsx","leaf gas-exchange_Franks",58,"steinthorsdottir_2021","franks","P33 Que 5","15.78",129,TRUE
"stomata-franks_steinthorsdottir_2021.xlsx","leaf gas-exchange_Franks",59,"steinthorsdottir_2021","franks","P33 Que 6","15.78",130,TRUE
"stomata-franks_steinthorsdottir_2021.xlsx","leaf gas-exchange_Franks",60,"steinthorsdottir_2021","franks","P33 Que 7","15.78",131,TRUE
"stomata-franks_steinthorsdottir_2021.xlsx","leaf gas-exchange_Franks",61,"steinthorsdottir_2021","franks","P33 Que 8","15.78",132,TRUE
"stomata-franks_steinthorsdottir_2021.xlsx","leaf gas-exchange_Franks",62,"steinthorsdottir_2021","franks","P33 Que 9","15.78",133,TRUE
"stomata-franks_steinthorsdottir_2021.xlsx","leaf gas-exchange_Franks",63,"steinthorsdottir_2021","franks","P33 Ost 1","15.78",134,TRUE
"stomata-franks_steinthorsdottir_2021.xlsx","leaf gas-exchange_Franks",64,"steinthorsdottir_2021","franks","P33 Ost 2","15.78",135,TRUE
"stomata-franks_steinthorsdottir_2021.xlsx","leaf gas-exchange_Franks",65,"steinthorsdottir_2021","franks","P33 Ost 3","15.78",136,TRUE
"stomata-franks_steinthorsdottir_2021.xlsx","leaf gas-exchange_Franks",66,"steinthorsdottir_2021","franks","P33 Ost 4","15.78",137,TRUE
"stomata-franks_tesfamichael_2017.xlsx","leaf gas-exchange_Franks",4,"tesfamichael_2017","franks","Mush Valley mean","21.73",138,TRUE
"stomata-franks_tesfamichael_2017.xlsx","leaf gas-exchange_Franks",5,"tesfamichael_2017","franks","Chilga mean","27.23",,FALSE
"stomata-sd_hu_2015.xlsx","stomatal density",4,"hu_2015","sd","Quercus preguyavifolia (HST)","3.09",139,TRUE
"stomata-sd_hu_2015.xlsx","stomatal density",5,"hu_2015","sd","Quercus preguyavifolia (QFC)","3.6",140,TRUE
"stomata-sd_huang_2016.xlsx","stomatal density",4,"huang_2016","sd","Quercus heqingensis (HQHY)","3.09",141,TRUE
"stomata-sd_stults_2011.xlsx","stomatal density",2,"stults_2011","sd",,"8.49",142,TRUE
"stomata-sd_stults_2011.xlsx","stomatal density",3,"stults_2011","sd",,"3.09",143,TRUE
"stomata-si_barclay_2016.xlsx","Stomatal index",2,"barclay_2016","si","SLW991,2,3","56.722000000000001",,FALSE
"stomata-si_barclay_2016.xlsx","Stomatal index",3,"barclay_2016","si","SLW8612","56.317999999999998",,FALSE
"stomata-si_barclay_2016.xlsx","Stomatal index",4,"barclay_2016","si","SLW9434","56.231999999999999",,FALSE
"stomata-si_barclay_2016.xlsx","Stomatal index",5,"barclay_2016","si","SLW9715","56.05",,FALSE
"stomata-si_barclay_2016.xlsx","Stomatal index",6,"barclay_2016","si","SLW9812","55.69",,FALSE
"stomata-si_beerling_2009.xlsx","stomatal index",4,"beerling_2009","si","DMNH 566 (Ginkgo Salad)","65.5",,FALSE
"stomata-si_beerling_2009.xlsx","stomatal index",5,"beerling_2009","si","LJH 7659 site","65.400000000000006",,FALSE
"stomata-si_beerling_2009.xlsx","stomatal index",6,"beerling_2009","si","LJH 7423 site","65.400000000000006",,FALSE
"stomata-si_beerling_2009.xlsx","stomatal index",7,"beerling_2009","si","DMNH 2360 site","64.13",,FALSE
"stomata-si_beerling_2009.xlsx","stomatal index",8,"beerling_2009","si","Basilika site","63.8",,FALSE
"stomata-si_beerling_2009.xlsx","stomatal index",9,"beerling_2009","si","DMNH 2644 site","61.1",,FALSE
"stomata-si_beerling_2009.xlsx","stomatal index",10,"beerling_2009","si","Burbank site","59.9",,FALSE
"stomata-si_beerling_2009.xlsx","stomatal index",11,"beerling_2009","si","Joffre Bridge site","59.9",,FALSE
"stomata-si_beerling_2009.xlsx","stomatal index",12,"beerling_2009","si","SLW 0025 site","58.1",,FALSE
"stomata-si_beerling_2009.xlsx","stomatal index",13,"beerling_2009","si","LJH 7132 site","57.2",,FALSE
"stomata-si_beerling_2009.xlsx","stomatal index",14,"beerling_2009","si","SLW 993 site","56.7",,FALSE
"stomata-si_beerling_2009.xlsx","stomatal index",15,"beerling_2009","si","SLW 992 site","56.7",,FALSE
"stomata-si_beerling_2009.xlsx","stomatal index",16,"beerling_2009","si","SLW 991 site","56.7",,FALSE
"stomata-si_beerling_2009.xlsx","stomatal index",17,"beerling_2009","si","LJH 72141-1 site","56.6",,FALSE
"stomata-si_beerling_2009.xlsx","stomatal index",18,"beerling_2009","si","SLW 9155 site","56.5",,FALSE
"stomata-si_beerling_2009.xlsx","stomatal index",19,"beerling_2009","si","SLW 9411 site","56.4",,FALSE
"stomata-si_beerling_2009.xlsx","stomatal index",20,"beerling_2009","si","SLW 9434 site","56.2",,FALSE
"stomata-si_beerling_2009.xlsx","stomatal index",21,"beerling_2009","si","SLW 9715 site","56.1",,FALSE
"stomata-si_beerling_2009.xlsx","stomatal index",22,"beerling_2009","si","SLW 9050 site","56.1",,FALSE
"stomata-si_beerling_2009.xlsx","stomatal index",23,"beerling_2009","si","SLW 9936 site","56.1",,FALSE
"stomata-si_beerling_2009.xlsx","stomatal index",24,"beerling_2009","si","SLW 8612 site","56.1",,FALSE
"stomata-si_beerling_2009.xlsx","stomatal index",25,"beerling_2009","si",,"56",,FALSE
"stomata-si_beerling_2009.xlsx","stomatal index",26,"beerling_2009","si","SLW 9812 site","55.9",,FALSE
"stomata-si_beerling_2009.xlsx","stomatal index",27,"beerling_2009","si","SLW 9915 site","55.6",,FALSE
"stomata-si_beerling_2009.xlsx","stomatal index",28,"beerling_2009","si","SLW LB site","54.7",,FALSE
"stomata-si_beerling_2009.xlsx","stomatal index",29,"beerling_2009","si","SLW H site","54.3",,FALSE
"stomata-si_beerling_2009.xlsx","stomatal index",30,"beerling_2009","si","LJH 9915 site","54.2",,FALSE
"stomata-si_beerling_2009.xlsx","stomatal index",31,"beerling_2009","si","Juliaetta site (P6)","16.5",144,TRUE
"stomata-si_beerling_2009.xlsx","stomatal index",32,"beerling_2009","si","Clarkia site (P33a)","15.78",145,TRUE
"stomata-si_beerling_2009.xlsx","stomatal index",33,"beerling_2009","si","Clarkia site (P33b)","15.78",146,TRUE
"stomata-si_beerling_2009.xlsx","stomatal index",34,"beerling_2009","si","Emerald Creek site (P37a)","15.78",147,TRUE
"stomata-si_beerling_2009.xlsx","stomatal index",35,"beerling_2009","si","GA","13.324999999999999",158,TRUE
"stomata-si_beerling_2009.xlsx","stomatal index",36,"beerling_2009","si","HB2/1,HB2/2","14.984999999999999",160,TRUE
"stomata-si_beerling_2009.xlsx","stomatal index",37,"beerling_2009","si","Literature","14.984999999999999",164,TRUE
"stomata-si_kuerschner_1996.xlsx","Stomatal index",2,"kuerschner_1996","si",,"2.165",148,TRUE
"stomata-si_kuerschner_1996.xlsx","Stomatal index",3,"kuerschner_1996","si",,"3.415",149,TRUE
"stomata-si_kuerschner_1996.xlsx","Stomatal index",4,"kuerschner_1996","si",,"3.55",150,TRUE
"stomata-si_kuerschner_1996.xlsx","Stomatal index",5,"kuerschner_1996","si",,"4.4000000000000004",151,TRUE
"stomata-si_kuerschner_1996.xlsx","Stomatal index",6,"kuerschner_1996","si",,"4.5999999999999996",152,TRUE
"stomata-si_kuerschner_1996.xlsx","Stomatal index",7,"kuerschner_1996","si",,"5.0999999999999996",153,TRUE
"stomata-si_kuerschner_1996.xlsx","Stomatal index",8,"kuerschner_1996","si",,"6.29",154,TRUE
"stomata-si_kuerschner_1996.xlsx","Stomatal index",9,"kuerschner_1996","si",,"8.1999999999999993",155,TRUE
"stomata-si_kuerschner_1996.xlsx","Stomatal index",10,"kuerschner_1996","si",,"10.5",156,TRUE
"stomata-si_kuerschner_2008.xlsx","Stomatal index",2,"kuerschner_2008","si","Taken from literatue: Uzunova KG (1995) Phytologia Balcanica 1:13-17.","10.115",157,TRUE
"stomata-si_kuerschner_2008.xlsx","Stomatal index",3,"kuerschner_2008","si","GA","13.324999999999999",158,TRUE
"stomata-si_kuerschner_2008.xlsx","Stomatal index",4,"kuerschner_2008","si","MM2,MM3,MM8","13.324999999999999",159,TRUE
"stomata-si_kuerschner_2008.xlsx","Stomatal index",5,"kuerschner_2008","si","HB2/1,HB2/2","14.984999999999999",160,TRUE
"stomata-si_kuerschner_2008.xlsx","Stomatal index",6,"kuerschner_2008","si","MY18,Taken from Literature (5)","14.984999999999999",161,TRUE
"stomata-si_kuerschner_2008.xlsx","Stomatal index",7,"kuerschner_2008","si","Kau.U/Crd","14.984999999999999",162,TRUE
"stomata-si_kuerschner_2008.xlsx","Stomatal index",8,"kuerschner_2008","si","MY26","14.984999999999999",163,TRUE
"stomata-si_kuerschner_2008.xlsx","Stomatal index",9,"kuerschner_2008","si","Literature","14.984999999999999",164,TRUE
"stomata-si_kuerschner_2008.xlsx","Stomatal index",10,"kuerschner_2008","si","HV1-25,HV1_28-1,HV11-31","16.635000000000002",165,TRUE
"stomata-si_kuerschner_2008.xlsx","Stomatal index",11,"kuerschner_2008","si","Sample 4","16.635000000000002",166,TRUE
"stomata-si_kuerschner_2008.xlsx","Stomatal index",12,"kuerschner_2008","si","HV11-31","16.635000000000002",167,TRUE
"stomata-si_kuerschner_2008.xlsx","Stomatal index",13,"kuerschner_2008","si","1993/28/32/2,1993/28/34A/1,1993/29/26B/3,KR76,Pic","17.75",168,TRUE
"stomata-si_kuerschner_2008.xlsx","Stomatal index",14,"kuerschner_2008","si","KR508,KR181,Sch469/1,Sch673/1","17.75",169,TRUE
"stomata-si_kuerschner_2008.xlsx","Stomatal index",15,"kuerschner_2008","si","KR300/1","17.75",170,TRUE
"stomata-si_kuerschner_2008.xlsx","Stomatal index",16,"kuerschner_2008","si","MR59","19.850000000000001",171,TRUE
"stomata-si_kuerschner_2008.xlsx","Stomatal index",17,"kuerschner_2008","si","MR59-14,MR59/24,MR59","19.850000000000001",172,TRUE
"stomata-si_kuerschner_2008.xlsx","Stomatal index",18,"kuerschner_2008","si","MR59-26,MR59/36,MR59-49","19.850000000000001",173,TRUE
"stomata-si_kuerschner_2008.xlsx","Stomatal index",19,"kuerschner_2008","si","VJK237-12A","21.740000000000002",174,TRUE
"stomata-si_kuerschner_2008.xlsx","Stomatal index",20,"kuerschner_2008","si","MR390,MR322","25.17",,FALSE
"stomata-si_maxbauer_2014.xlsx","stomatal index",2,"maxbauer_2014","si","layer C","42.5",,FALSE
"stomata-si_steinthorsdottir_2019a.xlsx","Stomatal index",2,"steinthorsdottir_2019a","si","Grey Lake","19",175,TRUE
"stomata-si_steinthorsdottir_2019a.xlsx","Stomatal index",3,"steinthorsdottir_2019a","si","Mataura River","22.5",176,TRUE
"stomata-si_steinthorsdottir_2019a.xlsx","Stomatal index",4,"steinthorsdottir_2019a","si","Foulden Maar","23.2",,FALSE
"stomata-si_steinthorsdottir_2019a.xlsx","Stomatal index",5,"steinthorsdottir_2019a","si","Grey Lake","19",175,TRUE
"stomata-si_steinthorsdottir_2019a.xlsx","Stomatal index",6,"steinthorsdottir_2019a","si","Mataura River","22.5",176,TRUE
"stomata-si_steinthorsdottir_2019a.xlsx","Stomatal index",7,"steinthorsdottir_2019a","si","Foulden Maar","23.2",,FALSE
"stomata-si_steinthorsdottir_2019a.xlsx","Stomatal index",8,"steinthorsdottir_2019a","si","Grey Lake","19",175,TRUE
"stomata-si_steinthorsdottir_2019a.xlsx","Stomatal index",9,"steinthorsdottir_2019a","si","Mataura River","22.5",176,TRUE
"stomata-si_steinthorsdottir_2019a.xlsx","Stomatal index",10,"steinthorsdottir_2019a","si","Foulden Maar","23.2",,FALSE
"stomata-si_wang_2015.xlsx","Stomatal index",2,"wang_2015","si","SZT077,
SZT156,
SZT115,
SZT127,
SZT123,
SZT126","13.81",179,TRUE
"stomata-si_wang_2015.xlsx","Stomatal index",3,"wang_2015","si","YJ003, YJ005","9.5",180,TRUE
"stomata-si_wang_2015.xlsx","Stomatal index",4,"wang_2015","si","FT001","2.9",181,TRUE
"stomata-si_wang_2015.xlsx","Stomatal index",5,"wang_2015","si","BQC001","2.6500000000000004",182,TRUE
"stomata-si_wang_2015.xlsx","Stomatal index",6,"wang_2015","si","SG001,
SG002","2.6",183,TRUE
"stomata-si_wang_2015.xlsx","Stomatal index",7,"wang_2015","si","156u01","1.85",184,TRUE
"stomata-si_wang_2015.xlsx","Stomatal index",8,"wang_2015","si","NR001","0.95",185,TRUE
"stomata-sr_mcelwain_2002.xlsx","stomatal ratio",4,"mcelwain_2002","sr","Pine Ridge Pond","0.01149",186,TRUE
"stomata-sr_mcelwain_2002.xlsx","stomatal ratio",5,"mcelwain_2002","sr","Pine Ridge Pond","0.011011",187,TRUE
"stomata-sr_mcelwain_2002.xlsx","stomatal ratio",6,"mcelwain_2002","sr","Pine Ridge Pond","0.01098",188,TRUE
"stomata-sr_mcelwain_2002.xlsx","stomatal ratio",7,"mcelwain_2002","sr","Pine Ridge Pond","0.010655",189,TRUE
"stomata-sr_mcelwain_2002.xlsx","stomatal ratio",8,"mcelwain_2002","sr","Pine Ridge Pond","0.010573",190,TRUE
"stomata-sr_mcelwain_2002.xlsx","stomatal ratio",9,"mcelwain_2002","sr","Pine Ridge Pond","0.01049",191,TRUE
"stomata-sr_mcelwain_2002.xlsx","stomatal ratio",10,"mcelwain_2002","sr","Pine Ridge Pond","0.010408",192,TRUE
"stomata-sr_mcelwain_2002.xlsx","stomatal ratio",11,"mcelwain_2002","sr","Pine Ridge Pond","0.010408",193,TRUE
"stomata-sr_mcelwain_2002.xlsx","stomatal ratio",12,"mcelwain_2002","sr","Pine Ridge Pond","0.010325",194,TRUE
"stomata-sr_mcelwain_2002.xlsx","stomatal ratio",13,"mcelwain_2002","sr","Pine Ridge Pond","0.01016",195,TRUE
"stomata-sr_mcelwain_2002.xlsx","stomatal ratio",14,"mcelwain_2002","sr","Pine Ridge Pond","0.010148",196,TRUE
"stomata-sr_mcelwain_2002.xlsx","stomatal ratio",15,"mcelwain_2002","sr","Pine Ridge Pond","0.010137",197,TRUE
"stomata-sr_mcelwain_2002.xlsx","stomatal ratio",16,"mcelwain_2002","sr","Pine Ridge Pond","0.010125",198,TRUE
"stomata-sr_mcelwain_2002.xlsx","stomatal ratio",17,"mcelwain_2002","sr","Pine Ridge Pond","0.010113",199,TRUE
"stomata-sr_mcelwain_2002.xlsx","stomatal ratio",18,"mcelwain_2002","sr","Pine Ridge Pond","0.010102",200,TRUE
"stomata-sr_mcelwain_2002.xlsx","stomatal ratio",19,"mcelwain_2002","sr","Pine Ridge Pond","0.01009",201,TRUE
"stomata-sr_mcelwain_2002.xlsx","stomatal ratio",20,"mcelwain_2002","sr","Pine Ridge Pond","0.010078",202,TRUE
"stomata-sr_mcelwain_2002.xlsx","stomatal ratio",21,"mcelwain_2002","sr","Pine Ridge Pond","0.010067",203,TRUE
"stomata-sr_mcelwain_2002.xlsx","stomatal ratio",22,"mcelwain_2002","sr","Pine Ridge Pond","0.010043",204,TRUE
"stomata-sr_mcelwain_2002.xlsx","stomatal ratio",23,"mcelwain_2002","sr","Pine Ridge Pond","0.010032",205,TRUE
"stomata-sr_mcelwain_2002.xlsx","stomatal ratio",24,"mcelwain_2002","sr","Pine Ridge Pond","0.01002",206,TRUE
"stomata-sr_mcelwain_2002.xlsx","stomatal ratio",25,"mcelwain_2002","sr","Pine Ridge Pond","0.009977",207,TRUE
"stomata-sr_mcelwain_2002.xlsx","stomatal ratio",26,"mcelwain_2002","sr","Pine Ridge Pond","0.009962",208,TRUE
"stomata-sr_mcelwain_2002.xlsx","stomatal ratio",27,"mcelwain_2002","sr","Pine Ridge Pond","0.009948",209,TRUE
"stomata-sr_mcelwain_2002.xlsx","stomatal ratio",28,"mcelwain_2002","sr","Pine Ridge Pond","0.009933",210,TRUE
"stomata-sr_mcelwain_2002.xlsx","stomatal ratio",29,"mcelwain_2002","sr","Pine Ridge Pond","0.009919",211,TRUE
"stomata-sr_mcelwain_2002.xlsx","stomatal ratio",30,"mcelwain_2002","sr","Pine Ridge Pond","0.009904",212,TRUE
"stomata-sr_mcelwain_2002.xlsx","stomatal ratio",31,"mcelwain_2002","sr","Pine Ridge Pond","0.00989",213,TRUE
"stomata-sr_mcelwain_2002.xlsx","stomatal ratio",32,"mcelwain_2002","sr","Pine Ridge Pond","0.009876",214,TRUE
"stomata-sr_mcelwain_2002.xlsx","stomatal ratio",33,"mcelwain_2002","sr","Pine Ridge Pond","0.009861",215,TRUE
"stomata-sr_mcelwain_2002.xlsx","stomatal ratio",34,"mcelwain_2002","sr","Pine Ridge Pond","0.009847",216,TRUE
"stomata-sr_mcelwain_2002.xlsx","stomatal ratio",35,"mcelwain_2002","sr","Pine Ridge Pond","0.009832",217,TRUE
"stomata-sr_mcelwain_2002.xlsx","stomatal ratio",36,"mcelwain_2002","sr","Pine Ridge Pond","0.009818",218,TRUE
"stomata-sr_mcelwain_2002.xlsx","stomatal ratio",37,"mcelwain_2002","sr","Pine Ridge Pond","0.009803",219,TRUE
"stomata-sr_mcelwain_2002.xlsx","stomatal ratio",38,"mcelwain_2002","sr","Pine Ridge Pond","0.009774",220,TRUE
"stomata-sr_mcelwain_2002.xlsx","stomatal ratio",39,"mcelwain_2002","sr","Pine Ridge Pond","0.009736",221,TRUE
"stomata-sr_mcelwain_2002.xlsx","stomatal ratio",40,"mcelwain_2002","sr","Pine Ridge Pond","0.009547",222,TRUE
"stomata-sr_mcelwain_2002.xlsx","stomatal ratio",41,"mcelwain_2002","sr","Pine Ridge Pond","0.0095",223,TRUE
"stomata-sr_mcelwain_2002.xlsx","stomatal ratio",42,"mcelwain_2002","sr","Pine Ridge Pond","0.0095",224,TRUE
"stomata-sr_mcelwain_2002.xlsx","stomatal ratio",43,"mcelwain_2002","sr","Splan Pond","0.011615",225,TRUE
"stomata-sr_mcelwain_2002.xlsx","stomatal ratio",44,"mcelwain_2002","sr","Splan Pond","0.010961",226,TRUE
"stomata-sr_mcelwain_2002.xlsx","stomatal ratio",45,"mcelwain_2002","sr","Splan Pond","0.01097",227,TRUE
"stomata-sr_mcelwain_2002.xlsx","stomatal ratio",46,"mcelwain_2002","sr","Splan Pond","0.010821",228,TRUE
"stomata-sr_mcelwain_2002.xlsx","stomatal ratio",47,"mcelwain_2002","sr","Splan Pond","0.010544",229,TRUE
"stomata-sr_mcelwain_2002.xlsx","stomatal ratio",48,"mcelwain_2002","sr","Splan Pond","0.010458",230,TRUE
"stomata-sr_mcelwain_2002.xlsx","stomatal ratio",49,"mcelwain_2002","sr","Splan Pond","0.01043",231,TRUE
"stomata-sr_mcelwain_2002.xlsx","stomatal ratio",50,"mcelwain_2002","sr","Splan Pond","0.010423",232,TRUE
"stomata-sr_mcelwain_2002.xlsx","stomatal ratio",51,"mcelwain_2002","sr","Splan Pond","0.010418",233,TRUE
"stomata-sr_mcelwain_2002.xlsx","stomatal ratio",52,"mcelwain_2002","sr","Splan Pond","0.010408",234,TRUE
"stomata-sr_mcelwain_2002.xlsx","stomatal ratio",53,"mcelwain_2002","sr","Splan Pond","0.010403",235,TRUE
"stomata-sr_mcelwain_2002.xlsx","stomatal ratio",54,"mcelwain_2002","sr","Splan Pond","0.010396",236,TRUE
"stomata-sr_mcelwain_2002.xlsx","stomatal ratio",55,"mcelwain_2002","sr","Splan Pond","0.010392",237,TRUE
"stomata-sr_mcelwain_2002.xlsx","stomatal ratio",56,"mcelwain_2002","sr","Splan Pond","0.010376",238,TRUE
"stomata-sr_mcelwain_2002.xlsx","stomatal ratio",57,"mcelwain_2002","sr","Splan Pond","0.010314",239,TRUE
"stomata-sr_mcelwain_2002.xlsx","stomatal ratio",58,"mcelwain_2002","sr","Splan Pond","0.010308",240,TRUE
"stomata-sr_mcelwain_2002.xlsx","stomatal ratio",59,"mcelwain_2002","sr","Splan Pond","0.01026",241,TRUE
"stomata-sr_mcelwain_2002.xlsx","stomatal ratio",60,"mcelwain_2002","sr","Splan Pond","0.010221",242,TRUE
"stomata-sr_mcelwain_2002.xlsx","stomatal ratio",61,"mcelwain_2002","sr","Splan Pond","0.010213",243,TRUE
"stomata-sr_mcelwain_2002.xlsx","stomatal ratio",62,"mcelwain_2002","sr","Splan Pond","0.010205",244,TRUE
"stomata-sr_mcelwain_2002.xlsx","stomatal ratio",63,"mcelwain_2002","sr","Splan Pond","0.010172",245,TRUE
"stomata-sr_mcelwain_2002.xlsx","stomatal ratio",64,"mcelwain_2002","sr","Splan Pond","0.010147",246,TRUE
"stomata-sr_mcelwain_2002.xlsx","stomatal ratio",65,"mcelwain_2002","sr","Splan Pond","0.010131",247,TRUE
"stomata-sr_mcelwain_2002.xlsx","stomatal ratio",66,"mcelwain_2002","sr","Splan Pond","0.010104",248,TRUE
"stomata-sr_mcelwain_2002.xlsx","stomatal ratio",67,"mcelwain_2002","sr","Splan Pond","0.010094",249,TRUE
"stomata-sr_mcelwain_2002.xlsx","stomatal ratio",68,"mcelwain_2002","sr","Splan Pond","0.010092",250,TRUE
"stomata-sr_mcelwain_2002.xlsx","stomatal ratio",69,"mcelwain_2002","sr","Splan Pond","0.010017",251,TRUE
"stomata-sr_mcelwain_2002.xlsx","stomatal ratio",70,"mcelwain_2002","sr","Splan Pond","0.009933",252,TRUE
"stomata-sr_mcelwain_2002.xlsx","stomatal ratio",71,"mcelwain_2002","sr","Splan Pond","0.009873",253,TRUE
"stomata-sr_mcelwain_2002.xlsx","stomatal ratio",72,"mcelwain_2002","sr","Splan Pond","0.009829",254,TRUE
"stomata-sr_mcelwain_2002.xlsx","stomatal ratio",73,"mcelwain_2002","sr","Splan Pond","0.009765",255,TRUE
"stomata-sr_mcelwain_2002.xlsx","stomatal ratio",74,"mcelwain_2002","sr","Splan Pond","0.009742",256,TRUE
"stomata-sr_mcelwain_2002.xlsx","stomatal ratio",75,"mcelwain_2002","sr","Splan Pond","0.009699",257,TRUE
"stomata-sr_mcelwain_2002.xlsx","stomatal ratio",76,"mcelwain_2002","sr","Splan Pond","0.009647",258,TRUE
"stomata-sr_mcelwain_2002.xlsx","stomatal ratio",77,"mcelwain_2002","sr","Splan Pond","0.00963",259,TRUE
"stomata-sr_mcelwain_2002.xlsx","stomatal ratio",78,"mcelwain_2002","sr","Splan Pond","0.00953",260,TRUE
"stomata-sr_mcelwain_2002.xlsx","stomatal ratio",79,"mcelwain_2002","sr","Splan Pond","0.009311",261,TRUE
"stomata-sr_mcelwain_2002.xlsx","stomatal ratio",80,"mcelwain_2002","sr","Splan Pond","0.009244",262,TRUE
"stomata-sr_mcelwain_2002.xlsx","stomatal ratio",81,"mcelwain_2002","sr","Splan Pond","0.009193",263,TRUE
"stomata-sr_mcelwain_2002.xlsx","stomatal ratio",82,"mcelwain_2002","sr","Splan Pond","0.009193",264,TRUE
"stomata-sr_mcelwain_2002.xlsx","stomatal ratio",83,"mcelwain_2002","sr","Splan Pond","0.00884",265,TRUE
"stomata-sr_mcelwain_2002.xlsx","stomatal ratio",84,"mcelwain_2002","sr","Splan Pond","0.00883",266,TRUE
"stomata-sr_mcelwain_2002.xlsx","stomatal ratio",85,"mcelwain_2002","sr","Splan Pond","0.00883",267,TRUE
"stomata-sr_mcelwain_2002.xlsx","stomatal ratio",86,"mcelwain_2002","sr","Splan Pond","0.00883",268,TRUE
"stomata-sr_mcelwain_2002.xlsx","stomatal ratio",87,"mcelwain_2002","sr","Splan Pond","0.00883",269,TRUE
"stomata-sr_mcelwain_2002.xlsx","stomatal ratio",88,"mcelwain_2002","sr","Splan Pond","0.00883",270,TRUE
"stomata-sr_steinthorsdottir_2016a.xlsx","stomatal ratio",4,"steinthorsdottir_2016a","sr","Profen-Süd","39.0",,FALSE
"stomata-sr_steinthorsdottir_2016a.xlsx","stomatal ratio",5,"steinthorsdottir_2016a","sr","Knau","37.5",,FALSE
"stomata-sr_steinthorsdottir_2016a.xlsx","stomatal ratio",6,"steinthorsdottir_2016a","sr","Schleenhain 1, Haselbach 1","36.0",,FALSE
"stomata-sr_steinthorsdottir_2016a.xlsx","stomatal ratio",7,"steinthorsdottir_2016a","sr","Schleenhain 2","35.5",,FALSE
"stomata-sr_steinthorsdottir_2016a.xlsx","stomatal ratio",8,"steinthorsdottir_2016a","sr","Schleenhain 3","34.0",,FALSE
"stomata-sr_steinthorsdottir_2016a.xlsx","stomatal ratio",9,"steinthorsdottir_2016a","sr","Schleenhain 4, Haselbach 2","33.8",,FALSE
"stomata-sr_steinthorsdottir_2016a.xlsx","stomatal ratio",10,"steinthorsdottir_2016a","sr","Kleinsaubermitz","26.0",,FALSE
"stomata-sr_steinthorsdottir_2016a.xlsx","stomatal ratio",11,"steinthorsdottir_2016a","sr","Witznitz, Espenhain-Störmthal","24.0",,FALSE
"stomata-sr_steinthorsdottir_2016a_p1.0.xlsx","stomatal ratio",4,"steinthorsdottir_2016a","sr","Kleinsaubernitz","26",,FALSE
"stomata-sr_steinthorsdottir_2016a_p1.0.xlsx","stomatal ratio",5,"steinthorsdottir_2016a","sr","Schleenhain 4, Haselbach 2","33.799999999999997",,FALSE
"stomata-sr_steinthorsdottir_2016a_p1.0.xlsx","stomatal ratio",6,"steinthorsdottir_2016a","sr","Schleenhain 3","34",,FALSE
"stomata-sr_steinthorsdottir_2016a_p1.0.xlsx","stomatal ratio",8,"steinthorsdottir_2016a","sr","Schleenhain 1","36",,FALSE
"stomata-sr_steinthorsdottir_2019a.xlsx","stomatal ratio",4,"steinthorsdottir_2019a","sr","Grey Lake","19",177,TRUE
"stomata-sr_steinthorsdottir_2019a.xlsx","stomatal ratio",5,"steinthorsdottir_2019a","sr","Mataura River","22.5",178,TRUE
"stomata-sr_steinthorsdottir_2019a.xlsx","stomatal ratio",6,"steinthorsdottir_2019a","sr","Foulden Maar","23.2",,FALSE
"stomata-sr_sun_2012.xlsx","Stomatal ratio",4,"sun_2012","sr",,"2.9435000000000002",271,TRUE
"stomata-sr_sun_2012.xlsx","Stomatal ratio",5,"sun_2012","sr",,"2.9435000000000002",272,TRUE
"stomata-sd_liang_2022a_p1.0.xlsx","stomatal index",2,"liang_2022a","sd",,"15.78",15,TRUE
"stomata-si_liang_2022a_p1.0.xlsx","stomatal index",2,"liang_2022a","si",,"15.78",,FALSE
"stomata-si_liang_2022b_p1.0.xlsx","stomatal index",2,"liang_2022b","si",,"21.09",,FALSE
"stomata-si_steinthorsdottir_2021_p1.0.xlsx","Stomatal index",3,"steinthorsdottir_2021","si","P37 site (aggregate of three species)","15.78",,FALSE
"stomata-si_steinthorsdottir_2021_p1.0.xlsx","Stomatal index",4,"steinthorsdottir_2021","si","P33 site (aggregate of five species)","15.78",,FALSE
"stomata-si_steinthorsdottir_2021_p1.0.xlsx","Stomatal index",5,"steinthorsdottir_2021","si","P37 Bev 1","15.78",,FALSE
"stomata-si_steinthorsdottir_2021_p1.0.xlsx","Stomatal index",6,"steinthorsdottir_2021","si","P37 Bev 2","15.78",,FALSE
"stomata-si_steinthorsdottir_2021_p1.0.xlsx","Stomatal index",7,"steinthorsdottir_2021","si","P37 Bev 3","15.78",,FALSE
"stomata-si_steinthorsdottir_2021_p1.0.xlsx","Stomatal index",8,"steinthorsdottir_2021","si","P37 Bev 4","15.78",,FALSE
"stomata-si_steinthorsdottir_2021_p1.0.xlsx","Stomatal index",9,"steinthorsdottir_2021","si","P37 Bef 1","15.78",,FALSE
"stomata-si_steinthorsdottir_2021_p1.0.xlsx","Stomatal index",10,"steinthorsdottir_2021","si","P37 Bef 2","15.78",,FALSE
"stomata-si_steinthorsdottir_2021_p1.0.xlsx","Stomatal index",11,"steinthorsdottir_2021","si","P37 Bef 3","15.78",,FALSE
"stomata-si_steinthorsdottir_2021_p1.0.xlsx","Stomatal index",12,"steinthorsdottir_2021","si","P37 Bef 4","15.78",,FALSE
"stomata-si_steinthorsdottir_2021_p1.0.xlsx","Stomatal index",13,"steinthorsdottir_2021","si","P37 Que 1","15.78",,FALSE
"stomata-si_steinthorsdottir_2021_p1.0.xlsx","Stomatal index",14,"steinthorsdottir_2021","si","P37 Que 2","15.78",,FALSE
"stomata-si_steinthorsdottir_2021_p1.0.xlsx","Stomatal index",15,"steinthorsdottir_2021","si","P37 Que 3","15.78",,FALSE
"stomata-si_steinthorsdottir_2021_p1.0.xlsx","Stomatal index",16,"steinthorsdottir_2021","si","P37 Que 4","15.78",,FALSE
"stomata-si_steinthorsdottir_2021_p1.0.xlsx","Stomatal index",17,"steinthorsdottir_2021","si","P37 Que 5","15.78",,FALSE
"stomata-si_steinthorsdottir_2021_p1.0.xlsx","Stomatal index",18,"steinthorsdottir_2021","si","P37 Que 6","15.78",,FALSE
"stomata-si_steinthorsdottir_2021_p1.0.xlsx","Stomatal index",19,"steinthorsdottir_2021","si","P37 Que 7","15.78",,FALSE
"stomata-si_steinthorsdottir_2021_p1.0.xlsx","Stomatal index",20,"steinthorsdottir_2021","si","P37 Que 8","15.78",,FALSE
"stomata-si_steinthorsdottir_2021_p1.0.xlsx","Stomatal index",21,"steinthorsdottir_2021","si","P37 Que 9","15.78",,FALSE
"stomata-si_steinthorsdottir_2021_p1.0.xlsx","Stomatal index",22,"steinthorsdottir_2021","si","P37 Que 10","15.78",,FALSE
"stomata-si_steinthorsdottir_2021_p1.0.xlsx","Stomatal index",23,"steinthorsdottir_2021","si","P37 Que 11","15.78",,FALSE
"stomata-si_steinthorsdottir_2021_p1.0.xlsx","Stomatal index",24,"steinthorsdottir_2021","si","P37 Que 12","15.78",,FALSE
"stomata-si_steinthorsdottir_2021_p1.0.xlsx","Stomatal index",25,"steinthorsdottir_2021","si","P37 Que 13","15.78",,FALSE
"stomata-si_steinthorsdottir_2021_p1.0.xlsx","Stomatal index",26,"steinthorsdottir_2021","si","P37 Que 14","15.78",,FALSE
"stomata-si_steinthorsdottir_2021_p1.0.xlsx","Stomatal index",27,"steinthorsdottir_2021","si","P37 Que 15","15.78",,FALSE
"stomata-si_steinthorsdottir_2021_p1.0.xlsx","Stomatal index",28,"steinthorsdottir_2021","si","P33 Bev 1","15.78",,FALSE
"stomata-si_steinthorsdottir_2021_p1.0.xlsx","Stomatal index",29,"steinthorsdottir_2021","si","P33 Bev 2","15.78",,FALSE
"stomata-si_steinthorsdottir_2021_p1.0.xlsx","Stomatal index",30,"steinthorsdottir_2021","si","P33 Bev 3","15.78",,FALSE
"stomata-si_steinthorsdottir_2021_p1.0.xlsx","Stomatal index",31,"steinthorsdottir_2021","si","P33 Bev 4","15.78",,FALSE
"stomata-si_steinthorsdottir_2021_p1.0.xlsx","Stomatal index",32,"steinthorsdottir_2021","si","P33 Bev 5","15.78",,FALSE
"stomata-si_steinthorsdottir_2021_p1.0.xlsx","Stomatal index",33,"steinthorsdottir_2021","si","P33 Bev 6","15.78",,FALSE
"stomata-si_steinthorsdottir_2021_p1.0.xlsx","Stomatal index",34,"steinthorsdottir_2021","si","P33 Bev 7","15.78",,FALSE
"stomata-si_steinthorsdottir_2021_p1.0.xlsx","Stomatal index",35,"steinthorsdottir_2021","si","P33 Bev 8","15.78",,FALSE
"stomata-si_steinthorsdottir_2021_p1.0.xlsx","Stomatal index",36,"steinthorsdottir_2021","si","P33 Bev 9","15.78",,FALSE
"stomata-si_steinthorsdottir_2021_p1.0.xlsx","Stomatal index",37,"steinthorsdottir_2021","si","P33 Bef 1","15.78",,FALSE
"stomata-si_steinthorsdottir_2021_p1.0.xlsx","Stomatal index",38,"steinthorsdottir_2021","si","P33 Bef 2","15.78",,FALSE
"stomata-si_steinthorsdottir_2021_p1.0.xlsx","Stomatal index",39,"steinthorsdottir_2021","si","P33 Bef 3","15.78",,FALSE
"stomata-si_steinthorsdottir_2021_p1.0.xlsx","Stomatal index",40,"steinthorsdottir_2021","si","P33 Bef 4","15.78",,FALSE
"stomata-si_steinthorsdottir_2021_p1.0.xlsx","Stomatal index",41,"steinthorsdottir_2021","si","P33 Bef 5","15.78",,FALSE
"stomata-si_steinthorsdottir_2021_p1.0.xlsx","Stomatal index",42,"steinthorsdottir_2021","si","P33 Bef 6","15.78",,FALSE
"stomata-si_steinthorsdottir_2021_p1.0.xlsx","Stomatal index",43,"steinthorsdottir_2021","si","P33 Bef 7","15.78",,FALSE
"stomata-si_steinthorsdottir_2021_p1.0.xlsx","Stomatal index",44,"steinthorsdottir_2021","si","P33 Laur 1","15.78",,FALSE
"stomata-si_steinthorsdottir_2021_p1.0.xlsx","Stomatal index",45,"steinthorsdottir_2021","si","P33 Laur 2","15.78",,FALSE
"stomata-si_steinthorsdottir_2021_p1.0.xlsx","Stomatal index",46,"steinthorsdottir_2021","si","P33 Laur 3","15.78",,FALSE
"stomata-si_steinthorsdottir_2021_p1.0.xlsx","Stomatal index",47,"steinthorsdottir_2021","si","P33 Laur 4","15.78",,FALSE
"stomata-si_steinthorsdottir_2021_p1.0.xlsx","Stomatal index",48,"steinthorsdottir_2021","si","P33 Laur 5","15.78",,FALSE
"stomata-si_steinthorsdottir_2021_p1.0.xlsx","Stomatal index",49,"steinthorsdottir_2021","si","P33 Laur 6","15.78",,FALSE
"stomata-si_steinthorsdottir_2021_p1.0.xlsx","Stomatal index",50,"steinthorsdottir_2021","si","P33 Que 1","15.78",,FALSE
"stomata-si_steinthorsdottir_2021_p1.0.xlsx","Stomatal index",51,"steinthorsdottir_2021","si","P33 Que 2","15.78",,FALSE
"stomata-si_steinthorsdottir_2021_p1.0.xlsx","Stomatal index",52,"steinthorsdottir_2021","si","P33 Que 3","15.78",,FALSE
"stomata-si_steinthorsdottir_2021_p1.0.xlsx","Stomatal index",53,"steinthorsdottir_2021","si","P33 Que 4","15.78",,FALSE
"stomata-si_steinthorsdottir_2021_p1.0.xlsx","Stomatal index",54,"steinthorsdottir_2021","si","P33 Que 6","15.78",,FALSE
"stomata-si_steinthorsdottir_2021_p1.0.xlsx","Stomatal index",55,"steinthorsdottir_2021","si","P33 Que 7","15.78",,FALSE
"stomata-si_steinthorsdottir_2021_p1.0.xlsx","Stomatal index",56,"steinthorsdottir_2021","si","P33 Que 9","15.78",,FALSE
"stomata-si_steinthorsdottir_2021_p1.0.xlsx","Stomatal index",57,"steinthorsdottir_2021","si","P33 Ost 1","15.78",,FALSE
"stomata-si_steinthorsdottir_2021_p1.0.xlsx","Stomatal index",58,"steinthorsdottir_2021","si","P33 Ost 2","15.78",,FALSE
"stomata-si_steinthorsdottir_2021_p1.0.xlsx","Stomatal index",59,"steinthorsdottir_2021","si","P33 Ost 3","15.78",,FALSE
"stomata-si_steinthorsdottir_2021_p1.0.xlsx","Stomatal index",60,"steinthorsdottir_2021","si","P33 Ost 4","15.78",,FALSE
"stomata-sr_steinthorsdottir_2021_p1.0.xlsx","Stomatal index",3,"steinthorsdottir_2021","sr","P37 site (aggregate of three species)","15.78",,FALSE
"stomata-sr_steinthorsdottir_2021_p1.0.xlsx","Stomatal index",4,"steinthorsdottir_2021","sr","P33 site (aggregate of five species)","15.78",,FALSE
"stomata-sr_steinthorsdottir_2021_p1.0.xlsx","Stomatal index",5,"steinthorsdottir_2021","sr","P37 Bev 1","15.78",,FALSE
"stomata-sr_steinthorsdottir_2021_p1.0.xlsx","Stomatal index",6,"steinthorsdottir_2021","sr","P37 Bev 2","15.78",,FALSE
"stomata-sr_steinthorsdottir_2021_p1.0.xlsx","Stomatal index",7,"steinthorsdottir_2021","sr","P37 Bev 3","15.78",,FALSE
"stomata-sr_steinthorsdottir_2021_p1.0.xlsx","Stomatal index",8,"steinthorsdottir_2021","sr","P37 Bev 4","15.78",,FALSE
"stomata-sr_steinthorsdottir_2021_p1.0.xlsx","Stomatal index",9,"steinthorsdottir_2021","sr","P37 Bef 1","15.78",,FALSE
"stomata-sr_steinthorsdottir_2021_p1.0.xlsx","Stomatal index",10,"steinthorsdottir_2021","sr","P37 Bef 2","15.78",,FALSE
"stomata-sr_steinthorsdottir_2021_p1.0.xlsx","Stomatal index",11,"steinthorsdottir_2021","sr","P37 Bef 3","15.78",,FALSE
"stomata-sr_steinthorsdottir_2021_p1.0.xlsx","Stomatal index",12,"steinthorsdottir_2021","sr","P37 Bef 4","15.78",,FALSE
"stomata-sr_steinthorsdottir_2021_p1.0.xlsx","Stomatal index",13,"steinthorsdottir_2021","sr","P37 Que 1","15.78",,FALSE
"stomata-sr_steinthorsdottir_2021_p1.0.xlsx","Stomatal index",14,"steinthorsdottir_2021","sr","P37 Que 2","15.78",,FALSE
"stomata-sr_steinthorsdottir_2021_p1.0.xlsx","Stomatal index",15,"steinthorsdottir_2021","sr","P37 Que 3","15.78",,FALSE
"stomata-sr_steinthorsdottir_2021_p1.0.xlsx","Stomatal index",16,"steinthorsdottir_2021","sr","P37 Que 4","15.78",,FALSE
"stomata-sr_steinthorsdottir_2021_p1.0.xlsx","Stomatal index",17,"steinthorsdottir_2021","sr","P37 Que 5","15.78",,FALSE
"stomata-sr_steinthorsdottir_2021_p1.0.xlsx","Stomatal index",18,"steinthorsdottir_2021","sr","P37 Que 6","15.78",,FALSE
"stomata-sr_steinthorsdottir_2021_p1.0.xlsx","Stomatal index",19,"steinthorsdottir_2021","sr","P37 Que 7","15.78",,FALSE
"stomata-sr_steinthorsdottir_2021_p1.0.xlsx","Stomatal index",20,"steinthorsdottir_2021","sr","P37 Que 8","15.78",,FALSE
"stomata-sr_steinthorsdottir_2021_p1.0.xlsx","Stomatal index",21,"steinthorsdottir_2021","sr","P37 Que 9","15.78",,FALSE
"stomata-sr_steinthorsdottir_2021_p1.0.xlsx","Stomatal index",22,"steinthorsdottir_2021","sr","P37 Que 10","15.78",,FALSE
"stomata-sr_steinthorsdottir_2021_p1.0.xlsx","Stomatal index",23,"steinthorsdottir_2021","sr","P37 Que 11","15.78",,FALSE
"stomata-sr_steinthorsdottir_2021_p1.0.xlsx","Stomatal index",24,"steinthorsdottir_2021","sr","P37 Que 12","15.78",,FALSE
"stomata-sr_steinthorsdottir_2021_p1.0.xlsx","Stomatal index",25,"steinthorsdottir_2021","sr","P37 Que 13","15.78",,FALSE
"stomata-sr_steinthorsdottir_2021_p1.0.xlsx","Stomatal index",26,"steinthorsdottir_2021","sr","P37 Que 14","15.78",,FALSE
"stomata-sr_steinthorsdottir_2021_p1.0.xlsx","Stomatal index",27,"steinthorsdottir_2021","sr","P37 Que 15","15.78",,FALSE
"stomata-sr_steinthorsdottir_2021_p1.0.xlsx","Stomatal index",28,"steinthorsdottir_2021","sr","P33 Bev 1","15.78",,FALSE
"stomata-sr_steinthorsdottir_2021_p1.0.xlsx","Stomatal index",29,"steinthorsdottir_2021","sr","P33 Bev 2","15.78",,FALSE
"stomata-sr_steinthorsdottir_2021_p1.0.xlsx","Stomatal index",30,"steinthorsdottir_2021","sr","P33 Bev 3","15.78",,FALSE
"stomata-sr_steinthorsdottir_2021_p1.0.xlsx","Stomatal index",31,"steinthorsdottir_2021","sr","P33 Bev 4","15.78",,FALSE
"stomata-sr_steinthorsdottir_2021_p1.0.xlsx","Stomatal index",32,"steinthorsdottir_2021","sr","P33 Bev 5","15.78",,FALSE
"stomata-sr_steinthorsdottir_2021_p1.0.xlsx","Stomatal index",33,"steinthorsdottir_2021","sr","P33 Bev 6","15.78",,FALSE
"stomata-sr_steinthorsdottir_2021_p1.0.xlsx","Stomatal index",34,"steinthorsdottir_2021","sr","P33 Bev 7","15.78",,FALSE
"stomata-sr_steinthorsdottir_2021_p1.0.xlsx","Stomatal index",35,"steinthorsdottir_2021","sr","P33 Bev 8","15.78",,FALSE
"stomata-sr_steinthorsdottir_2021_p1.0.xlsx","Stomatal index",36,"steinthorsdottir_2021","sr","P33 Bev 9","15.78",,FALSE
"stomata-sr_steinthorsdottir_2021_p1.0.xlsx","Stomatal index",37,"steinthorsdottir_2021","sr","P33 Bef 1","15.78",,FALSE
"stomata-sr_steinthorsdottir_2021_p1.0.xlsx","Stomatal index",38,"steinthorsdottir_2021","sr","P33 Bef 2","15.78",,FALSE
"stomata-sr_steinthorsdottir_2021_p1.0.xlsx","Stomatal index",39,"steinthorsdottir_2021","sr","P33 Bef 3","15.78",,FALSE
"stomata-sr_steinthorsdottir_2021_p1.0.xlsx","Stomatal index",40,"steinthorsdottir_2021","sr","P33 Bef 4","15.78",,FALSE
"stomata-sr_steinthorsdottir_2021_p1.0.xlsx","Stomatal index",41,"steinthorsdottir_2021","sr","P33 Bef 5","15.78",,FALSE
"stomata-sr_steinthorsdottir_2021_p1.0.xlsx","Stomatal index",42,"steinthorsdottir_2021","sr","P33 Bef 6","15.78",,FALSE
"stomata-sr_steinthorsdottir_2021_p1.0.xlsx","Stomatal index",43,"steinthorsdottir_2021","sr","P33 Bef 7","15.78",,FALSE
"stomata-sr_steinthorsdottir_2021_p1.0.xlsx","Stomatal index",44,"steinthorsdottir_2021","sr","P33 Laur 1","15.78",,FALSE
"stomata-sr_steinthorsdottir_2021_p1.0.xlsx","Stomatal index",45,"steinthorsdottir_2021","sr","P33 Laur 2","15.78",,FALSE
"stomata-sr_steinthorsdottir_2021_p1.0.xlsx","Stomatal index",46,"steinthorsdottir_2021","sr","P33 Laur 3","15.78",,FALSE
"stomata-sr_steinthorsdottir_2021_p1.0.xlsx","Stomatal index",47,"steinthorsdottir_2021","sr","P33 Laur 4","15.78",,FALSE
"stomata-sr_steinthorsdottir_2021_p1.0.xlsx","Stomatal index",48,"steinthorsdottir_2021","sr","P33 Laur 5","15.78",,FALSE
"stomata-sr_steinthorsdottir_2021_p1.0.xlsx","Stomatal index",49,"steinthorsdottir_2021","sr","P33 Laur 6","15.78",,FALSE
"stomata-sr_steinthorsdottir_2021_p1.0.xlsx","Stomatal index",50,"steinthorsdottir_2021","sr","P33 Que 1","15.78",,FALSE
"stomata-sr_steinthorsdottir_2021_p1.0.xlsx","Stomatal index",51,"steinthorsdottir_2021","sr","P33 Que 2","15.78",,FALSE
"stomata-sr_steinthorsdottir_2021_p1.0.xlsx","Stomatal index",52,"steinthorsdottir_2021","sr","P33 Que 3","15.78",,FALSE
"stomata-sr_steinthorsdottir_2021_p1.0.xlsx","Stomatal index",53,"steinthorsdottir_2021","sr","P33 Que 4","15.78",,FALSE
"stomata-sr_steinthorsdottir_2021_p1.0.xlsx","Stomatal index",54,"steinthorsdottir_2021","sr","P33 Que 6","15.78",,FALSE
"stomata-sr_steinthorsdottir_2021_p1.0.xlsx","Stomatal index",55,"steinthorsdottir_2021","sr","P33 Que 7","15.78",,FALSE
"stomata-sr_steinthorsdottir_2021_p1.0.xlsx","Stomatal index",56,"steinthorsdottir_2021","sr","P33 Que 9","15.78",,FALSE
"stomata-sr_steinthorsdottir_2021_p1.0.xlsx","Stomatal index",57,"steinthorsdottir_2021","sr","P33 Ost 1","15.78",,FALSE
"stomata-sr_steinthorsdottir_2021_p1.0.xlsx","Stomatal index",58,"steinthorsdottir_2021","sr","P33 Ost 2","15.78",,FALSE
"stomata-sr_steinthorsdottir_2021_p1.0.xlsx","Stomatal index",59,"steinthorsdottir_2021","sr","P33 Ost 3","15.78",,FALSE
"stomata-sr_steinthorsdottir_2021_p1.0.xlsx","Stomatal index",60,"steinthorsdottir_2021","sr","P33 Ost 4","15.78",,FALSE
